timestamp,position_lat,position_long,distance,altitude,speed,heart_rate,cadence,fractional_cadence
1039130141,587914452,-1466349239,0.49,391.6,0,81,0,0
1039130142,587914470,-1466349239,0.49,392.20000000000005,0,82,0,0
1039130143,587914471,-1466349257,0.59,392.6,0,81,0,0
1039130144,587914504,-1466349265,0.79,392.79999999999995,0,82,0,0
1039130145,587914539,-1466349287,1.15,393,0,84,0,0
1039130146,587914574,-1466349299,1.39,393.20000000000005,0,85,0,0
1039130147,587914617,-1466349384,1.59,393.20000000000005,0,85,0,0
1039130148,587914641,-1466349475,1.9,393,0,83,0,0
1039130149,587914656,-1466349496,2.04,392.6,0,84,0,0
1039130150,587914629,-1466349449,2.04,391.79999999999995,0,87,0,0
1039130151,587914603,-1466349411,2.04,391.6,0,86,0,0
1039130152,587914590,-1466349402,2.04,391.6,0,88,0,0
1039130153,587914589,-1466349376,2.04,391.6,0,90,0,0
1039130154,587914573,-1466349282,2.62,391.4,0,92,0,0
1039130155,587914543,-1466349239,2.9,391.6,0,94,53,0.5
1039130156,587914532,-1466349225,2.94,391.4,0,94,53,0.5
1039130157,587914535,-1466349201,2.94,392.20000000000005,0,97,53,0.5
1039130158,587914536,-1466349198,2.94,392,0,93,53,0.5
1039130159,587914541,-1466349198,2.99,391.6,0,94,53,0.5
1039130160,587914544,-1466349198,3.01,391.79999999999995,0,94,0,0
1039130161,587914558,-1466349187,3.01,391.6,0,94,0,0
1039130162,587914558,-1466349201,3.1,391.6,0,94,0,0
1039130163,587914560,-1466349226,3.25,391.6,0,95,0,0
1039130164,587914560,-1466349233,3.3,391.6,0,95,0,0
1039130165,587914564,-1466349232,3.31,391.6,0,94,0,0
1039130166,587914542,-1466349249,3.5,391.6,0,95,0,0
1039130167,587914541,-1466349244,3.5,391.4,0,96,0,0
1039130168,587914546,-1466349263,3.61,391.4,0,95,0,0
1039130169,587914560,-1466349286,3.81,391.4,0,95,0,0
1039130170,587914571,-1466349324,4.06,391.4,0,94,0,0
1039130171,587914561,-1466349329,4.06,391.4,0,95,0,0
1039130172,587914579,-1466349357,4.29,391.4,0,96,0,0
1039130173,587914591,-1466349351,4.39,391.4,0,95,0,0
1039130174,587914586,-1466349363,4.39,391.4,0,97,0,0
1039130175,587914585,-1466349361,4.39,391.4,0,98,0,0
1039130176,587914594,-1466349370,4.48,391.4,0,98,0,0
1039130177,587914599,-1466349390,4.61,391.4,0,99,0,0
1039130178,587914606,-1466349414,4.77,391.4,0,97,0,0
1039130179,587914611,-1466349402,4.78,391.4,0,96,0,0
1039130180,587914600,-1466349377,4.85,391.4,0,96,0,0
1039130181,587914575,-1466349373,5.08,391.4,0,96,0,0
1039130182,587914554,-1466349408,5.36,391.4,0,97,0,0
1039130183,587914542,-1466349430,5.51,391.4,0,96,0,0
1039130184,587914541,-1466349449,5.63,391.4,0,96,0,0
1039130185,587914532,-1466349488,5.63,391.4,0,95,0,0
1039130186,587914533,-1466349479,5.69,391.4,0,97,0,0
1039130187,587914537,-1466349438,5.91,391.4,0,98,0,0
1039130188,587914536,-1466349421,6,391.6,0,100,0,0
1039130189,587914542,-1466349400,6.14,391.6,0,97,0,0
1039130190,587914554,-1466349394,6.25,391.6,0,100,0,0
1039130191,587914543,-1466349406,6.25,391.6,0,97,0,0
1039130192,587914525,-1466349449,6.52,391.6,0,98,0,0
1039130193,587914522,-1466349457,6.54,391.6,0,98,0,0
1039130194,587914534,-1466349470,6.68,391.6,0,96,0,0
1039130195,587914547,-1466349498,6.89,391.6,0,97,0,0
1039130196,587914567,-1466349483,7.06,391.6,0,95,0,0
1039130197,587914562,-1466349460,7.07,391.6,0,96,0,0
1039130198,587914571,-1466349438,7.22,391.6,0,96,0,0
1039130199,587914583,-1466349444,7.31,391.6,0,97,0,0
1039130200,587914564,-1466349427,7.34,391.6,0,98,0,0
1039130201,587914568,-1466349449,7.34,391.6,0,98,0,0
1039130202,587914564,-1466349486,7.5,391.6,0,98,0,0
1039130203,587914567,-1466349501,7.6,391.6,0,98,0,0
1039130204,587914554,-1466349505,7.64,391.6,0,100,0,0
1039130205,587914515,-1466349490,7.99,391.6,0,101,0,0
1039130206,587914495,-1466349452,8.28,391.6,0,98,0,0
1039130207,587914486,-1466349447,8.36,391.6,0,97,0,0
1039130208,587914440,-1466349455,8.77,391.6,0,97,0,0
1039130209,587914433,-1466349456,8.83,391.6,0,97,0,0
1039130210,587914428,-1466349458,8.86,391.6,0,97,0,0
1039130211,587914431,-1466349467,8.93,391.6,0,98,0,0
1039130212,587914447,-1466349481,9.09,391.6,0,99,0,0
1039130213,587914482,-1466349454,9.44,391.6,0,99,0,0
1039130214,587914501,-1466349464,9.62,391.6,0,99,0,0
1039130215,587914490,-1466349490,9.62,391.6,0,99,0,0
1039130216,587914486,-1466349489,9.62,391.6,0,99,0,0
1039130217,587914469,-1466349494,9.66,391.6,0,99,0,0
1039130218,587914431,-1466349526,10.03,391.6,0,97,0,0
1039130219,587914444,-1466349532,10.05,391.6,0,96,0,0
1039130220,587914447,-1466349529,10.06,391.6,0,95,0,0
1039130221,587914450,-1466349530,10.08,391.6,0,94,0,0
1039130222,587914450,-1466349529,10.08,391.6,0,95,0,0
1039130223,587914451,-1466349527,10.09,391.6,0,95,0,0
1039130224,587914454,-1466349525,10.11,391.6,0,93,0,0
1039130225,587914458,-1466349521,10.11,391.6,0,94,0,0
1039130226,587914459,-1466349530,10.16,391.6,0,93,0,0
1039130227,587914461,-1466349529,10.18,391.6,0,92,0,0
1039130228,587914468,-1466349525,10.25,391.4,0,90,0,0
1039130229,587914475,-1466349517,10.25,391.4,0,89,0,0
1039130230,587914443,-1466349508,10.55,391.4,0,88,0,0
1039130231,587914427,-1466349528,10.72,391.4,0,88,0,0
1039130232,587914426,-1466349604,11.13,391.4,0,88,0,0
1039130233,587914391,-1466349653,11.57,391.6,0,88,0,0
1039130234,587914422,-1466349621,11.57,391.6,0,87,0,0
1039130235,587914434,-1466349648,11.76,391.4,0,87,0,0
1039130236,587914456,-1466349714,12.2,391.4,0,86,0,0
1039130237,587914468,-1466349713,12.26,391.4,0,87,0,0
1039130238,587914513,-1466349797,12.92,391.6,0,86,0,0
1039130239,587914576,-1466349872,13.64,391.6,0,87,0,0
1039130240,587914618,-1466350032,14.69,391.79999999999995,0,88,0,0
1039130241,587914681,-1466350169,15.71,391.79999999999995,0,89,0,0
1039130242,587914722,-1466350339,16.8,391.79999999999995,0,88,56,0
1039130243,587914778,-1466350510,17.96,392,0,89,57,0
1039130244,587914822,-1466350669,19.01,392.20000000000005,0,88,57,0
1039130245,587914894,-1466350897,20.56,392.4,0,89,56,0
1039130246,587914970,-1466351200,22.53,392.4,0.681,88,54,0
1039130247,587915099,-1466351491,24.67,392.6,1.736,88,54,0
1039130248,587915242,-1466351889,27.44,392.6,1.736,89,54,0
1039130249,587915427,-1466352264,30.27,392.6,2.258,90,82,0.5
1039130250,587915674,-1466352599,33.33,392.6,2.258,91,84,0
1039130251,587915957,-1466352854,36.38,392.6,2.585,92,84,0
1039130252,587916262,-1466353069,39.49,392.79999999999995,2.837,91,84,0.5
1039130253,587916575,-1466353226,42.55,392.79999999999995,2.911,92,86,0
1039130254,587916902,-1466353327,45.66,392.79999999999995,2.939,90,86,0
1039130255,587917243,-1466353401,48.88,392.79999999999995,2.939,91,87,0
1039130256,587917539,-1466353510,51.71,392.79999999999995,2.948,97,87,0
1039130257,587917833,-1466353523,54.44,392.6,2.958,100,87,0
1039130258,587918107,-1466353417,57.08,392.6,2.902,103,85,0
1039130259,587918352,-1466353293,59.48,392.6,2.902,106,84,0.5
1039130260,587918548,-1466353103,61.65,392.6,2.837,108,84,0.5
1039130261,587918711,-1466352883,63.68,392.6,2.79,109,84,0.5
1039130262,587918784,-1466352592,65.57,392.6,2.743,111,84,0.5
1039130263,587918819,-1466352276,67.52,392.6,2.706,112,83,0.5
1039130264,587918786,-1466351918,69.71,392.6,2.622,113,83,0.5
1039130265,587918685,-1466351589,71.92,392.79999999999995,2.547,116,84,0.5
1039130266,587918518,-1466351410,73.81,392.79999999999995,2.538,118,84,0.5
1039130267,587918274,-1466351192,76.38,392.79999999999995,2.538,120,84,0.5
1039130268,587917991,-1466350961,79.36,392.79999999999995,2.547,122,82,0.5
1039130269,587917731,-1466350814,81.94,392.79999999999995,2.547,123,81,0.5
1039130270,587917447,-1466350783,84.6,392.79999999999995,2.585,126,80,0.5
1039130271,587917148,-1466350703,87.41,392.79999999999995,2.585,129,80,0.5
1039130272,587916902,-1466350674,89.72,392.79999999999995,2.603,130,79,0.5
1039130273,587916644,-1466350704,92.1,392.79999999999995,2.603,138,78,0.5
1039130274,587916386,-1466350674,94.51,392.79999999999995,2.575,140,78,0.5
1039130275,587916155,-1466350677,96.67,392.79999999999995,2.575,141,79,0.5
1039130276,587915879,-1466350664,99.22,392.79999999999995,2.538,142,80,0
1039130277,587915605,-1466350668,101.77,392.79999999999995,2.519,143,81,0
1039130278,587915382,-1466350684,103.85,392.79999999999995,2.519,143,81,0
1039130279,587915139,-1466350676,106.12,392.79999999999995,2.473,144,81,0
1039130280,587914894,-1466350584,108.46,392.20000000000005,2.473,144,81,0.5
1039130281,587914705,-1466350399,110.55,391.79999999999995,2.473,145,82,0.5
1039130282,587914502,-1466350132,113.04,391.79999999999995,2.454,145,82,0.5
1039130283,587914348,-1466349875,115.15,391.79999999999995,2.435,146,82,0.5
1039130284,587914187,-1466349679,117.05,392.20000000000005,2.435,146,82,0.5
1039130285,587914084,-1466349528,118.37,392,2.417,146,81,0.5
1039130286,587914032,-1466349482,118.9,391.79999999999995,2.351,147,0,0
1039130287,587913983,-1466349497,119.29,391.79999999999995,2.211,146,0,0
1039130288,587913967,-1466349569,119.76,392.20000000000005,2.211,147,67,0.5
1039130289,587913939,-1466349672,120.41,392.6,0.746,147,67,0.5
1039130290,587913857,-1466349893,121.93,392.4,0.746,148,0,0
1039130291,587913757,-1466350090,123.37,392,0.942,149,0,0
1039130292,587913703,-1466350387,125.23,392.4,1.39,148,0,0
1039130293,587913672,-1466350669,126.95,392.20000000000005,1.754,148,78,0.5
1039130294,587913649,-1466350973,128.78,392.4,1.941,149,78,0.5
1039130295,587913627,-1466351202,130.18,392.79999999999995,1.941,148,78,0
1039130296,587913652,-1466351273,130.58,392.6,1.362,147,78,0
1039130297,587913628,-1466351374,131.07,392,1.362,147,78,0
1039130298,587913598,-1466351447,131.53,390.79999999999995,1.204,147,77,0.5
1039130299,587913551,-1466351476,131.98,390.79999999999995,1.157,145,77,0.5
1039130300,587913484,-1466351495,132.61,390.6,1.129,145,79,0.5
1039130301,587913395,-1466351590,133.61,391.20000000000005,1.12,145,79,0.5
1039130302,587913298,-1466351680,134.68,391.6,0.998,145,79,0.5
1039130303,587913233,-1466351770,135.48,391.79999999999995,0.989,146,79,0.5
1039130304,587913156,-1466351890,136.5,391.79999999999995,0.989,146,79,0.5
1039130305,587913089,-1466351971,137.3,391.79999999999995,0.97,145,60,0.5
1039130306,587912997,-1466352075,138.36,391.6,0.952,145,60,0.5
1039130307,587912939,-1466352062,138.81,391.20000000000005,0.97,144,60,0.5
1039130308,587912806,-1466351890,140.14,390.79999999999995,0.97,146,60,0.5
1039130309,587912726,-1466351757,141.13,390.4,0.97,147,59,0.5
1039130310,587912624,-1466351733,142.08,390,0.989,147,59,0
1039130311,587912546,-1466351721,142.79,390,0.989,150,0,0
1039130312,587912477,-1466351726,143.43,389.79999999999995,0.989,152,0,0
1039130313,587912436,-1466351720,143.81,389.6,0.886,154,0,0
1039130314,587912377,-1466351711,144.37,389.6,0.886,155,0,0
1039130315,587912328,-1466351732,144.82,389.6,0.812,155,0,0
1039130316,587912311,-1466351759,145,389.4,0.765,154,0,0
1039130317,587912273,-1466351801,145.39,389.4,0.737,153,0,0
1039130318,587912235,-1466351790,145.75,389.4,0.69,152,43,0.5
1039130319,587912214,-1466351810,145.96,389.4,0.672,151,43,0.5
1039130320,587912134,-1466351912,146.92,389.4,0.644,150,43,0.5
1039130321,587912215,-1466351969,146.92,389.4,0.644,151,43,0.5
1039130322,587912443,-1466351962,147.11,389.4,0.653,151,0,0
1039130323,587912599,-1466351926,147.74,390.4,0.653,150,0,0
1039130324,587912767,-1466351864,149.33,390.20000000000005,0.653,150,0,0
1039130325,587912863,-1466351726,150.54,390.20000000000005,0.756,149,0,0
1039130326,587912860,-1466351652,150.96,390.20000000000005,0.756,149,0,0
1039130327,587912866,-1466351589,151.35,390.20000000000005,0.756,146,0,0
1039130328,587912850,-1466351540,151.61,390.20000000000005,0.709,147,0,0
1039130329,587912832,-1466351536,151.62,390.20000000000005,0.709,147,0,0
1039130330,587912809,-1466351517,151.8,390.20000000000005,0,147,0,0
1039130331,587912796,-1466351500,151.95,390.4,0,147,0,0
1039130332,587912734,-1466351530,152.42,390.4,0,147,0,0
1039130333,587912704,-1466351536,152.69,390,0,147,0,0
1039130334,587912678,-1466351543,152.94,390.20000000000005,0,147,0,0
1039130335,587912586,-1466351522,153.68,389.79999999999995,0,146,0,0
1039130336,587912537,-1466351526,154.13,389.79999999999995,0,145,0,0
1039130337,587912486,-1466351539,154.62,389.6,0,145,0,0
1039130338,587912409,-1466351562,155.33,389.79999999999995,0,145,0,0
1039130339,587912371,-1466351588,155.7,389.6,0,145,0,0
1039130340,587912353,-1466351609,155.88,389.6,0,146,0,0
1039130341,587912347,-1466351626,155.96,389.6,0,146,0,0
1039130342,587912365,-1466351609,155.96,389.6,0,146,0,0
1039130343,587912405,-1466351647,155.96,389.4,0,146,0,0
1039130344,587912434,-1466351632,155.96,389.4,0,145,0,0
1039130345,587912475,-1466351646,155.96,389.6,0,145,0,0
1039130346,587912492,-1466351638,155.96,389.20000000000005,0,145,0,0
1039130347,587912505,-1466351655,155.96,389.4,0,144,0,0
1039130348,587912528,-1466351665,155.96,389.20000000000005,0,144,0,0
1039130349,587912553,-1466351652,155.96,389.4,0,143,0,0
1039130350,587912583,-1466351608,156.33,389.4,0,143,0,0
1039130351,587912594,-1466351497,157.01,389.4,0,142,0,0
1039130352,587912571,-1466351343,157.95,389.4,0,140,0,0
1039130353,587912552,-1466351227,158.68,389.4,0,139,0,0
1039130354,587912503,-1466351162,159.19,389.4,0,139,0,0
1039130355,587912464,-1466351119,159.61,389.4,0,138,0,0
1039130356,587912465,-1466351097,159.72,389.4,0,138,0,0
1039130357,587912365,-1466351057,160.61,389.4,0,137,0,0
1039130358,587912307,-1466351048,161.12,389.4,0,137,0,0
1039130359,587912270,-1466351084,161.37,389.4,0,137,0,0
1039130360,587912234,-1466351131,161.68,389.4,0,136,0,0
1039130361,587912202,-1466351153,161.97,389.4,0,136,0,0
1039130362,587912177,-1466351253,162.3,389.4,0,135,0,0
1039130363,587912224,-1466351325,162.3,389.4,0,135,0,0
1039130364,587912280,-1466351447,163.2,389.4,0,134,0,0
1039130365,587912261,-1466351461,163.2,389.4,0,133,0,0
1039130366,587912242,-1466351426,163.2,389.4,0,134,0,0
1039130367,587912244,-1466351253,163.72,389.4,0,135,0,0
1039130368,587912306,-1466351119,164.72,389.4,0,133,0,0
1039130369,587912291,-1466351030,165.09,389.4,0,132,0,0
1039130370,587912282,-1466350907,165.38,389.6,0,131,0,0
1039130371,587912325,-1466350868,165.65,389.6,0,130,0,0
1039130372,587912328,-1466350846,165.7,389.4,0,128,0,0
1039130373,587912317,-1466350814,165.88,389.20000000000005,0,127,0,0
1039130374,587912386,-1466350662,166.06,389.4,0,126,0,0
1039130375,587912399,-1466350542,166.24,389.6,0,125,0,0
1039130376,587912420,-1466350388,166.42,389.6,0,125,0,0
1039130377,587912404,-1466350328,166.62,389.20000000000005,0,124,0,0
1039130378,587912416,-1466350220,166.62,389.20000000000005,0,123,0,0
1039130379,587912395,-1466350194,166.85,389.4,0,123,0,0
1039130380,587912389,-1466350162,166.95,389.20000000000005,0,122,0,0
1039130381,587912327,-1466350136,167.53,389.4,0,122,0,0
1039130382,587912317,-1466350145,167.6,389.20000000000005,0,122,0,0
1039130383,587912286,-1466350126,167.9,389.4,0,122,0,0
1039130384,587912292,-1466350114,167.9,389.4,0,121,0,0
1039130385,587912278,-1466350138,168.06,389.4,0,121,0,0
1039130386,587912304,-1466350159,168.06,389.4,0,120,0,0
1039130387,587912368,-1466350166,168.06,389.4,0,119,0,0
1039130388,587912460,-1466350248,168.44,389.4,0,119,0,0
1039130389,587912456,-1466350284,168.56,389.4,0,118,0,0
1039130390,587912420,-1466350236,168.99,389.4,0,118,0,0
1039130391,587912492,-1466350188,169.53,389.4,0,118,0,0
1039130392,587912565,-1466350039,170.66,389.4,0,117,0,0
1039130393,587912674,-1466349771,172.58,389.4,0,117,74,0.5
1039130394,587912850,-1466349285,175.96,389.4,1.269,118,74,0.5
1039130395,587912999,-1466348760,179.45,389.4,1.269,118,82,0.5
1039130396,587913085,-1466348214,182.86,389.4,1.913,121,82,0.5
1039130397,587913155,-1466347679,186.19,389.20000000000005,2.986,122,85,0
1039130398,587913132,-1466347152,189.4,389.20000000000005,2.921,122,85,0
1039130399,587913084,-1466346595,192.8,389.20000000000005,2.921,123,85,0
1039130400,587912988,-1466346018,196.43,389.20000000000005,3.023,123,84,0.5
1039130401,587912912,-1466345388,200.33,389.20000000000005,3.023,123,84,0.5
1039130402,587912894,-1466344808,203.87,389,3.135,124,84,0.5
1039130403,587912855,-1466344231,207.4,388.79999999999995,3.238,124,85,0
1039130404,587912878,-1466343673,210.79,388.6,3.238,125,85,0
1039130405,587912816,-1466343112,214.26,388.4,3.098,126,86,0
1039130406,587912818,-1466342533,217.75,388.4,3.06,127,86,0
1039130407,587912878,-1466342034,220.83,388.4,3.06,127,86,0
1039130408,587912893,-1466341723,222.73,388.4,3.051,128,86,0
1039130409,587912871,-1466341611,223.39,388.4,3.051,128,86,0
1039130410,587912727,-1466341805,224.41,388.4,2.939,128,85,0.5
1039130411,587912591,-1466342157,226.66,388.20000000000005,2.519,128,84,0.5
1039130412,587912511,-1466342565,229.16,388.20000000000005,2.547,129,83,0.5
1039130413,587912449,-1466343033,232.06,388,2.547,128,82,0.5
1039130414,587912391,-1466343510,235.02,388,2.771,129,82,0.5
1039130415,587912329,-1466344007,238.11,388,2.921,129,83,0.5
1039130416,587912196,-1466344462,241.15,388,2.986,129,84,0.5
1039130417,587912168,-1466344913,243.89,388,3.014,130,85,0
1039130418,587912127,-1466345304,246.28,388,3.014,130,85,0
1039130419,587912094,-1466345764,249.08,388,2.967,131,85,0
1039130420,587912030,-1466346266,252.19,388,2.902,132,85,0
1039130421,587912009,-1466346756,255.19,388,2.902,133,85,0
1039130422,587912058,-1466347229,258.09,388,3.004,135,85,0
1039130423,587912068,-1466347629,260.52,388,2.995,139,85,0
1039130424,587912003,-1466348113,263.54,388,2.883,139,86,0
1039130425,587911975,-1466348473,265.75,388,2.883,141,86,0
1039130426,587911957,-1466348966,268.72,388,2.799,142,86,0
1039130427,587911847,-1466349419,271.64,388,2.799,143,86,0
1039130428,587911746,-1466349635,273.25,388,2.781,143,85,0.5
1039130429,587911657,-1466349923,274.57,388,2.725,144,85,0.5
1039130430,587911613,-1466350037,274.57,388,2.585,145,84,0.5
1039130431,587911670,-1466350049,274.76,388,2.398,145,83,0.5
1039130432,587911809,-1466349740,277.05,388,2.379,146,82,0.5
1039130433,587911858,-1466349241,280.12,388,2.379,146,81,0.5
1039130434,587911906,-1466348701,283.44,388,2.379,147,81,0
1039130435,587911826,-1466348186,286.66,388,2.986,148,81,0
1039130436,587911785,-1466347731,289.44,387.79999999999995,2.986,149,81,0.5
1039130437,587911778,-1466347239,292.4,388.4,2.986,150,83,0.5
1039130438,587911815,-1466346785,295.12,388,2.902,150,84,0.5
1039130439,587911800,-1466346340,297.8,388,2.79,151,85,0
1039130440,587911767,-1466345832,300.91,387.6,2.79,151,86,0
1039130441,587911689,-1466345256,304.5,387.4,2.855,152,86,0
1039130442,587911642,-1466344844,307.04,387.4,2.855,152,86,0
1039130443,587911660,-1466344310,310.25,387.20000000000005,2.967,153,87,0
1039130444,587911647,-1466343740,313.72,387.20000000000005,2.967,153,87,0
1039130445,587911626,-1466343155,317.26,387.20000000000005,2.967,154,86,0
1039130446,587911629,-1466342629,320.39,387.4,3.032,154,85,0
1039130447,587911579,-1466342181,323.16,387.6,3.116,155,85,0
1039130448,587911550,-1466341867,325.06,387.6,3.079,156,86,0
1039130449,587911478,-1466341811,325.72,387.6,3.079,156,86,0.5
1039130450,587911572,-1466341971,326.71,387.79999999999995,2.081,156,86,0.5
1039130451,587911633,-1466342235,328.28,388.20000000000005,2.081,156,84,0.5
1039130452,587911717,-1466342547,330.18,388,2.081,157,81,0.5
1039130453,587911823,-1466342894,332.18,387.20000000000005,2.249,157,81,0.5
1039130454,587911801,-1466343243,334.31,387.20000000000005,2.305,157,81,0.5
1039130455,587911804,-1466343754,337.37,387.20000000000005,2.398,157,83,0.5
1039130456,587911776,-1466344120,339.6,387.20000000000005,2.594,157,84,0.5
1039130457,587911689,-1466344572,342.47,387.4,2.594,158,84,0.5
1039130458,587911688,-1466344971,344.84,387.4,2.594,156,84,0.5
1039130459,587911804,-1466345293,346.88,387.79999999999995,2.594,155,84,0.5
1039130460,587911854,-1466345590,348.58,387.79999999999995,2.463,155,84,0.5
1039130461,587911849,-1466345931,350.62,387.79999999999995,2.342,154,84,0.5
1039130462,587911888,-1466346227,352.41,388,2.342,154,85,0
1039130463,587911958,-1466346586,354.69,388,2.305,154,85,0
1039130464,587912012,-1466347003,357.28,388.20000000000005,2.314,154,85,0.5
1039130465,587912054,-1466347505,360.37,388.4,2.351,158,85,0.5
1039130466,587912035,-1466348001,363.37,388,2.351,158,85,0.5
1039130467,587912037,-1466348519,366.52,387.79999999999995,2.398,159,84,0.5
1039130468,587911994,-1466349058,369.8,387.4,2.445,160,83,0.5
1039130469,587911936,-1466349700,373.75,388,2.473,161,83,0.5
1039130470,587911949,-1466350086,376.09,388,2.473,162,83,0.5
1039130471,587911875,-1466350256,376.09,387.4,2.473,162,83,0.5
1039130472,587911835,-1466350152,376.76,387,2.258,160,83,0.5
1039130473,587911872,-1466349955,377.97,386.79999999999995,2.258,159,83,0.5
1039130474,587911904,-1466349683,379.64,387.4,2.202,159,83,0.5
1039130475,587911932,-1466349311,381.92,387.20000000000005,2.202,159,81,0.5
1039130476,587911965,-1466348836,384.83,387,2.202,158,81,0.5
1039130477,587911941,-1466348436,387.27,388,2.221,157,82,0.5
1039130478,587911925,-1466347979,390.06,387.79999999999995,2.249,157,83,0.5
1039130479,587911938,-1466347539,392.7,387.79999999999995,2.258,158,84,0.5
1039130480,587911885,-1466347024,395.87,388.20000000000005,2.286,159,84,0.5
1039130481,587911845,-1466346561,398.7,388,2.361,158,84,0.5
1039130482,587911819,-1466346026,401.94,387.6,2.389,158,84,0.5
1039130483,587911805,-1466345528,404.97,387,2.407,158,84,0.5
1039130484,587911741,-1466345121,407.51,387.4,2.407,159,84,0.5
1039130485,587911655,-1466344758,409.87,387.4,2.435,161,85,0.5
1039130486,587911589,-1466344436,411.92,387.4,2.445,160,85,0.5
1039130487,587911552,-1466344090,414.06,387.20000000000005,2.445,160,85,0
1039130488,587911540,-1466343653,416.71,386.79999999999995,2.426,160,85,0
1039130489,587911495,-1466343112,420.03,387,2.445,160,85,0
1039130490,587911467,-1466342612,423.08,386.6,2.519,160,85,0
1039130491,587911429,-1466342232,425.42,387.6,2.519,160,85,0.5
1039130492,587911378,-1466342120,425.42,387.4,2.51,160,85,0.5
1039130493,587911400,-1466342241,426.12,387.20000000000005,2.51,161,84,0
1039130494,587911590,-1466342434,427.2,386.6,2.258,159,83,0.5
1039130495,587911894,-1466342826,429.28,386.79999999999995,2.081,159,83,0.5
1039130496,587911949,-1466343199,431.53,387.20000000000005,2.081,159,81,0
1039130497,587911960,-1466343630,433.99,387,2.585,160,81,0
1039130498,587911938,-1466344089,436.71,386.79999999999995,2.585,161,81,0
1039130499,587912059,-1466344531,439.26,387.79999999999995,2.585,162,82,0.5
1039130500,587912204,-1466344916,441.37,387.79999999999995,2.641,162,84,0.5
1039130501,587912191,-1466345316,443.81,387.4,2.641,162,85,0
1039130502,587912238,-1466345707,446.11,388,2.585,163,85,0
1039130503,587912229,-1466346042,448.05,387.79999999999995,2.557,163,85,0
1039130504,587912178,-1466346361,450.05,387.79999999999995,2.454,163,85,0
1039130505,587912137,-1466346685,452.05,386.79999999999995,2.454,163,85,0.5
1039130506,587912112,-1466347037,454.2,388.20000000000005,2.417,163,85,0.5
1039130507,587912145,-1466347455,456.75,388.4,2.398,162,85,0
1039130508,587912168,-1466348005,460.11,388,2.398,163,85,0
1039130509,587912170,-1466348447,462.8,387.79999999999995,2.51,161,85,0
1039130510,587912153,-1466348867,465.36,387.4,2.51,162,85,0
1039130511,587912146,-1466349314,468.09,387.20000000000005,2.51,161,85,0
1039130512,587912114,-1466349733,470.66,387,2.51,159,85,0
1039130513,587912098,-1466350194,473.48,387,2.501,161,85,0
1039130514,587912175,-1466350310,473.84,387.4,2.501,160,85,0
1039130515,587912107,-1466350303,473.9,387.79999999999995,2.482,161,85,0
1039130516,587912044,-1466350045,475.51,388.20000000000005,2.361,160,84,0.5
1039130517,587912009,-1466349684,477.74,388.20000000000005,2.323,160,83,0.5
1039130518,587911900,-1466349377,479.85,387.20000000000005,2.314,159,83,0.5
1039130519,587911818,-1466349118,481.6,387.20000000000005,2.314,160,83,0.5
1039130520,587911783,-1466348942,482.71,387.20000000000005,2.277,159,82,0.5
1039130521,587911756,-1466348727,483.98,387,2.277,158,82,0.5
1039130522,587911720,-1466348606,484.52,387,2.202,159,82,0.5
1039130523,587911756,-1466348489,485.29,386.79999999999995,2.155,158,82,0.5
1039130524,587911796,-1466348342,485.99,388,2.071,158,82,0.5
1039130525,587911944,-1466348220,487.5,388,1.652,158,82,0.5
1039130526,587912049,-1466348168,488.44,388.20000000000005,1.652,157,56,0.5
1039130527,587912116,-1466348156,489.03,388,1.25,156,56,0
1039130528,587912163,-1466348298,489.97,388,0.914,158,55,0
1039130529,587912146,-1466348355,490.28,387.79999999999995,0.858,160,55,0
1039130530,587912160,-1466348472,491,388,0.709,161,55,0
1039130531,587912206,-1466348629,491.98,387.79999999999995,0.69,162,55,0.5
1039130532,587912255,-1466348797,493.07,387.6,0.69,164,56,0
1039130533,587912230,-1466349008,494.35,387.79999999999995,0.896,167,56,0
1039130534,587912212,-1466349293,496.09,388,1.11,171,56,0
1039130535,587912153,-1466349537,497.61,387,1.222,172,56,0
1039130536,587912135,-1466349734,498.83,387,1.222,172,56,0
1039130537,587912086,-1466349931,500.07,387,1.26,172,56,0.5
1039130538,587912045,-1466350149,501.44,387.4,1.26,172,57,0
1039130539,587912047,-1466350347,502.64,387.6,1.269,172,58,0
1039130540,587912039,-1466350597,504.16,387.6,1.269,171,58,0
1039130541,587912012,-1466350774,505.27,387.79999999999995,1.278,171,58,0
1039130542,587911944,-1466350956,506.5,388,1.269,171,57,0
1039130543,587911869,-1466351047,507.25,387.6,1.269,171,53,0
1039130544,587911880,-1466351065,507.33,387.79999999999995,1.185,170,53,0
1039130545,587911884,-1466351052,507.33,387.79999999999995,1.017,170,53,0
1039130546,587911891,-1466350924,508.11,387.79999999999995,1.017,170,52,0.5
1039130547,587911879,-1466350801,508.86,387.6,0.98,170,52,0
1039130548,587911872,-1466350708,509.43,387.79999999999995,0.914,170,52,0
1039130549,587911890,-1466350596,510.13,388,0.914,169,52,0
1039130550,587911850,-1466350445,511.05,387.4,0.877,169,52,0
1039130551,587911808,-1466350288,512.03,387.4,0.877,169,52,0
1039130552,587911823,-1466350140,512.93,387,0.877,168,52,0
1039130553,587911770,-1466350006,513.78,388,0.914,168,53,0
1039130554,587911746,-1466349866,514.65,388,0.914,167,54,0.5
1039130555,587911643,-1466349856,515.21,387.4,0.914,166,54,0.5
1039130556,587911487,-1466349870,516.58,387.20000000000005,0.914,166,53,0
1039130557,587911453,-1466349916,516.93,387.4,0.914,165,0,0
1039130558,587911426,-1466349970,517.29,387.20000000000005,0.905,165,0,0
1039130559,587911359,-1466350023,517.99,387.6,0.868,164,0,0
1039130560,587911301,-1466350073,518.61,387.6,0.849,164,0,0
1039130561,587911251,-1466350106,519.12,387.20000000000005,0.849,164,57,0
1039130562,587911169,-1466350172,519.98,387.4,0.84,163,57,0
1039130563,587911163,-1466350242,520.27,387.20000000000005,0.83,162,57,0
1039130564,587911150,-1466350222,520.3,387.20000000000005,0.83,162,54,0.5
1039130565,587911192,-1466350380,520.81,387.20000000000005,0.821,161,54,0
1039130566,587911214,-1466350498,521.34,387.20000000000005,0.812,161,54,0
1039130567,587911212,-1466350625,522.05,387.4,0.812,161,53,0
1039130568,587911248,-1466350833,523.21,387.6,0.812,160,53,0
1039130569,587911230,-1466351045,524.51,387.20000000000005,0.812,160,53,0
1039130570,587911166,-1466351315,526.24,387.20000000000005,0.849,160,53,0
1039130571,587911209,-1466351562,527.73,387.20000000000005,0.877,159,53,0
1039130572,587911226,-1466351666,528.36,387.20000000000005,0.933,159,57,0
1039130573,587911306,-1466351700,528.72,387.20000000000005,0.961,158,57,0
1039130574,587911344,-1466351667,528.72,387.20000000000005,0.961,158,56,0.5
1039130575,587911611,-1466351629,530.26,387.20000000000005,0.877,157,56,0.5
1039130576,587911757,-1466351648,531.38,387.20000000000005,0.877,157,56,0.5
1039130577,587911943,-1466351650,532.88,387.20000000000005,0.877,156,56,0
1039130578,587912043,-1466351639,533.56,387.20000000000005,0.886,156,55,0
1039130579,587912174,-1466351642,534.72,387.20000000000005,0.924,156,54,0
1039130580,587912295,-1466351609,535.86,387.20000000000005,0.924,155,52,0.5
1039130581,587912507,-1466351622,537.6,387.20000000000005,0.933,155,52,0
1039130582,587912632,-1466351645,538.57,387.20000000000005,0.933,155,50,0.5
1039130583,587912712,-1466351627,539.32,387.4,0.952,154,49,0
1039130584,587912777,-1466351618,539.93,387.4,0.933,154,45,0.5
1039130585,587912814,-1466351570,540.37,387.6,0.933,153,44,0
1039130586,587912862,-1466351447,541.24,387.6,0.877,153,44,0
1039130587,587912903,-1466351324,542.08,387.6,0.877,153,51,0
1039130588,587912978,-1466351193,543.08,388,0.877,153,51,0
1039130589,587913006,-1466351098,543.72,388.20000000000005,0.886,153,51,0
1039130590,587913066,-1466350978,544.6,388.4,0.886,153,51,0
1039130591,587913151,-1466351037,545.04,388.4,0.886,153,0,0
1039130592,587913271,-1466351009,546.03,388.6,0.886,153,0,0
1039130593,587913372,-1466350963,546.96,388.79999999999995,0.886,153,0,0
1039130594,587913496,-1466350958,548.06,389,0.877,153,0,0
1039130595,587913628,-1466350984,549.23,389.20000000000005,0.886,153,0,0
1039130596,587913707,-1466350956,549.97,389.4,0.886,153,0,0
1039130597,587913774,-1466350929,550.58,389.4,0.886,153,0,0
1039130598,587913837,-1466350888,551.2,389.6,0.877,153,0,0
1039130599,587913890,-1466350858,551.64,389.6,0.877,153,0,0
1039130600,587913930,-1466350795,552.16,389.6,0.868,153,0,0
1039130601,587913922,-1466350754,552.4,389.6,0.84,153,0,0
1039130602,587913919,-1466350677,552.87,389.6,0.84,153,0,0
1039130603,587913925,-1466350589,553.39,389.6,0.821,153,0,0
1039130604,587913937,-1466350468,554.11,389.6,0.812,153,76,0.5
1039130605,587913966,-1466350381,554.62,389.6,0.812,153,76,0.5
1039130606,587913970,-1466350270,555.3,389.6,0.821,152,76,0.5
1039130607,587913976,-1466350169,555.91,389.6,0.83,153,76,0.5
1039130608,587913965,-1466350066,556.55,389.6,0.849,153,41,0.5
1039130609,587913968,-1466349906,557.52,389.6,0.849,154,0,0
1039130610,587913939,-1466349746,558.53,389.6,0.849,153,0,0
1039130611,587913908,-1466349614,559.38,389.6,0.849,153,41,0.5
1039130612,587913877,-1466349541,559.9,389.79999999999995,0.849,153,41,0.5
1039130613,587913869,-1466349412,560.66,389.79999999999995,0.84,152,0,0
1039130614,587913865,-1466349297,561.34,389.79999999999995,0.84,152,0,0
1039130615,587913850,-1466349176,562.07,389.79999999999995,0.84,151,0,0
1039130616,587913907,-1466349040,562.68,389.79999999999995,0.83,151,0,0
1039130617,587913970,-1466348945,563.2,389.79999999999995,0.821,151,0,0
1039130618,587913994,-1466348878,563.61,389.79999999999995,0.821,150,0,0
1039130619,587914029,-1466348712,564.66,389.79999999999995,0.812,150,0,0
1039130620,587914042,-1466348627,565.19,389.79999999999995,0.793,149,0,0
1039130621,587914083,-1466348599,565.46,389.79999999999995,0.784,149,0,0
1039130622,587914142,-1466348575,565.92,389.79999999999995,0.774,149,0,0
1039130623,587914166,-1466348505,566.41,389.79999999999995,0.756,148,0,0
1039130624,587914180,-1466348414,566.97,389.79999999999995,0.737,147,0,0
1039130625,587914187,-1466348300,567.68,389.79999999999995,0.728,149,0,0
1039130626,587914189,-1466348175,568.44,389.79999999999995,0.718,150,0,0
1039130627,587914179,-1466348034,569.3,389.79999999999995,0.718,149,0,0
1039130628,587914191,-1466347897,570.14,389.79999999999995,0.718,150,0,0
1039130629,587914193,-1466347769,570.92,389.79999999999995,0.718,151,0,0
1039130630,587914198,-1466347649,571.66,389.79999999999995,0.718,149,0,0
1039130631,587914214,-1466347552,572.26,389.79999999999995,0.718,146,0,0
1039130632,587914227,-1466347406,573.16,389.79999999999995,0.718,144,0,0
1039130633,587914226,-1466347271,573.98,389.79999999999995,0.718,143,0,0
1039130634,587914235,-1466347214,574.32,389.79999999999995,0.718,143,69,0
1039130635,587914246,-1466347121,574.87,389.79999999999995,0.728,143,70,0
1039130636,587914238,-1466347005,575.58,389.79999999999995,0.728,142,69,0
1039130637,587914228,-1466346870,576.41,389.79999999999995,0.737,140,0,0
1039130638,587914225,-1466346733,577.23,389.79999999999995,0.737,140,0,0
1039130639,587914220,-1466346631,577.85,389.6,0.737,139,0,0
1039130640,587914214,-1466346514,578.56,389.6,0.737,139,0,0
1039130641,587914209,-1466346402,579.24,389.79999999999995,0.737,139,0,0
1039130642,587914203,-1466346266,580.06,389.79999999999995,0.728,138,0,0
1039130643,587914222,-1466346183,580.56,389.79999999999995,0.728,138,0,0
1039130644,587914214,-1466346092,581.11,389.79999999999995,0.728,138,0,0
1039130645,587914220,-1466345999,581.68,389.79999999999995,0.728,137,0,0
1039130646,587914245,-1466345903,582.29,389.79999999999995,0.718,137,0,0
1039130647,587914252,-1466345780,583.03,389.79999999999995,0.718,137,0,0
1039130648,587914375,-1466345649,583.96,389.79999999999995,0.718,137,0,0
1039130649,587914363,-1466345530,584.69,389.79999999999995,0.728,137,0,0
1039130650,587914364,-1466345405,585.45,389.79999999999995,0.728,136,0,0
1039130651,587914354,-1466345308,586.05,390,0.728,136,0,0
1039130652,587914367,-1466345246,586.43,390,0.728,136,0,0
1039130653,587914384,-1466345169,586.93,390,0.718,135,0,0
1039130654,587914365,-1466345060,587.6,390,0.718,136,0,0
1039130655,587914356,-1466344944,588.32,390,0.709,136,0,0
1039130656,587914358,-1466344838,588.95,390,0.709,136,0,0
1039130657,587914352,-1466344737,589.57,390,0.709,137,0,0
1039130658,587914348,-1466344645,590.13,390,0.7,138,0,0
1039130659,587914359,-1466344545,590.73,390,0.7,138,0,0
1039130660,587914369,-1466344465,591.21,390,0.7,139,0,0
1039130661,587914371,-1466344420,591.49,390,0.69,137,67,0.5
1039130662,587914385,-1466344337,592,390,0.69,137,67,0.5
1039130663,587914402,-1466344287,592.33,390,0.69,136,0,0
1039130664,587914423,-1466344197,592.91,390,0.69,135,0,0
1039130665,587914427,-1466344148,593.21,389.79999999999995,0.681,134,0,0
1039130666,587914437,-1466344082,593.62,389.79999999999995,0.672,134,0,0
1039130667,587914454,-1466344016,594.05,389.79999999999995,0.662,133,0,0
1039130668,587914467,-1466343935,594.55,389.79999999999995,0.653,133,0,0
1039130669,587914492,-1466343860,595.05,389.79999999999995,0.653,133,0,0
1039130670,587914498,-1466343768,595.61,389.6,0.644,133,0,0
1039130671,587914492,-1466343643,596.37,389.6,0.644,133,0,0
1039130672,587914466,-1466343535,597.07,389.6,0.644,132,0,0
1039130673,587914478,-1466343409,597.83,389.6,0.644,132,0,0
1039130674,587914467,-1466343275,598.65,389.6,0.644,132,0,0
1039130675,587914496,-1466343155,599.39,389.6,0.644,132,0,0
1039130676,587914526,-1466343041,600.11,389.6,0.644,131,0,0
1039130677,587914506,-1466342982,600.49,389.6,0.644,131,0,0
1039130678,587914488,-1466342850,601.31,389.6,0.644,131,0,0
1039130679,587914469,-1466342749,601.95,389.6,0.644,130,0,0
1039130680,587914453,-1466342694,602.3,389.6,0.644,130,0,0
1039130681,587914413,-1466342659,602.56,389.6,0.644,130,0,0
1039130682,587914402,-1466342571,603.1,389.6,0.644,130,0,0
1039130683,587914369,-1466342480,603.69,389.6,0.644,130,0,0
1039130684,587914352,-1466342353,604.48,389.6,0.634,130,0,0
1039130685,587914329,-1466342279,604.97,389.6,0.634,130,0,0
1039130686,587914322,-1466342190,605.52,389.6,0.634,130,0,0
1039130687,587914317,-1466342057,606.33,389.79999999999995,0.634,129,0,0
1039130688,587914325,-1466341961,606.91,389.79999999999995,0.634,129,63,0.5
1039130689,587914335,-1466341851,607.58,389.79999999999995,0.634,128,63,0.5
1039130690,587914359,-1466341766,608.15,389.79999999999995,0.644,128,63,0.5
1039130691,587914411,-1466341672,608.87,389.79999999999995,0.644,127,0,0
1039130692,587914395,-1466341590,609.38,389.79999999999995,0.653,127,0,0
1039130693,587914431,-1466341513,609.87,389.79999999999995,0.653,127,0,0
1039130694,587914461,-1466341412,610.53,389.79999999999995,0.653,127,0,0
1039130695,587914472,-1466341299,611.23,389.79999999999995,0.644,127,0,0
1039130696,587914493,-1466341167,612.06,389.79999999999995,0.644,126,0,0
1039130697,587914512,-1466341045,612.82,389.79999999999995,0.644,126,0,0
1039130698,587914538,-1466340908,613.69,389.79999999999995,0.644,127,0,0
1039130699,587914557,-1466340802,614.36,389.79999999999995,0.653,127,0,0
1039130700,587914564,-1466340676,615.12,389.79999999999995,0.653,127,73,0
1039130701,587914647,-1466340610,615.75,389.79999999999995,0.662,127,73,0
1039130702,587914643,-1466340579,615.94,390,0.662,128,0,0
1039130703,587914665,-1466340451,616.74,390,0.653,128,0,0
1039130704,587914671,-1466340350,617.36,390,0.653,128,0,0
1039130705,587914699,-1466340253,618,390.20000000000005,0.653,127,0,0
1039130706,587914707,-1466340161,618.57,390.20000000000005,0.653,127,0,0
1039130707,587914679,-1466340077,619.11,390.20000000000005,0.653,126,0,0
1039130708,587914655,-1466339927,620.05,390.20000000000005,0.653,126,0,0
1039130709,587914645,-1466339813,620.75,390.20000000000005,0.653,127,0,0
1039130710,587914632,-1466339686,621.53,390.20000000000005,0.653,127,0,0
1039130711,587914624,-1466339569,622.25,390.20000000000005,0.653,127,0,0
1039130712,587914632,-1466339458,622.93,390.20000000000005,0.653,128,0,0
1039130713,587914641,-1466339364,623.5,390,0.644,128,0,0
1039130714,587914647,-1466339264,624.12,390,0.644,129,0,0
1039130715,587914690,-1466339138,624.97,390,0.644,129,0,0
1039130716,587914704,-1466339028,625.65,390,0.644,129,0,0
1039130717,587914704,-1466338919,626.3,390,0.644,129,0,0
1039130718,587914706,-1466338826,626.85,390.20000000000005,0.644,129,0,0
1039130719,587914721,-1466338724,627.49,390.20000000000005,0.644,129,0,0
1039130720,587914737,-1466338625,628.11,390.20000000000005,0.644,129,0,0
1039130721,587914747,-1466338562,628.5,390.20000000000005,0.644,129,0,0
1039130722,587914769,-1466338628,628.5,390.20000000000005,0.644,127,0,0
1039130723,587914780,-1466338606,628.67,390.20000000000005,0.634,130,0,0
1039130724,587914780,-1466338606,628.67,390.20000000000005,0.634,129,0,0
1039130725,587914783,-1466338617,628.71,390.20000000000005,0.625,128,0,0
1039130726,587914789,-1466338619,628.77,390.20000000000005,0.625,126,0,0
1039130727,587914818,-1466338636,629.06,390.20000000000005,0.616,126,0,0
1039130728,587914827,-1466338658,629.21,390.20000000000005,0.616,125,0,0
1039130729,587914869,-1466338686,629.63,390.4,0.606,125,0,0
1039130730,587914888,-1466338719,629.89,390.4,0.606,125,0,0
1039130731,587914909,-1466338750,630.16,390.4,0.597,125,0,0
1039130732,587914957,-1466338780,630.64,390.4,0.579,124,0,0
1039130733,587914988,-1466338789,630.92,390.4,0.56,124,0,0
1039130734,587915046,-1466338800,631.47,390.6,0.551,124,0,0
1039130735,587915090,-1466338758,631.9,390.6,0.467,123,0,0
1039130736,587915120,-1466338763,632.17,390.6,0.457,123,0,0
1039130737,587915112,-1466338719,632.24,390.6,0.448,123,0,0
1039130738,587915143,-1466338772,632.39,390.6,0.411,122,0,0
1039130739,587915153,-1466338782,632.44,390.6,0.401,122,0,0
1039130740,587915169,-1466338794,632.51,390.6,0,122,0,0
1039130741,587915205,-1466338793,632.73,390.6,0,122,0,0
1039130742,587915214,-1466338810,632.77,390.6,0,122,0,0
1039130743,587915252,-1466338792,633.13,390.79999999999995,0,122,0,0
1039130744,587915312,-1466338770,633.71,390.79999999999995,0,123,0,0
1039130745,587915359,-1466338761,634.15,390.79999999999995,0,123,0,0
1039130746,587915447,-1466338720,635.01,390.79999999999995,0,123,0,0
1039130747,587915494,-1466338701,635.45,390.79999999999995,0,123,0,0
1039130748,587915567,-1466338698,636.11,390.79999999999995,0,123,0,0
1039130749,587915605,-1466338710,636.44,390.79999999999995,0,122,0,0
1039130750,587915641,-1466338722,636.75,390.79999999999995,0,122,0,0
1039130751,587915675,-1466338724,637.03,390.79999999999995,0,122,0,0
1039130752,587915667,-1466338730,637.03,390.79999999999995,0,121,0,0
1039130753,587915689,-1466338747,637.2,390.79999999999995,0,120,0,0
1039130754,587915690,-1466338750,637.2,390.79999999999995,0,120,0,0
1039130755,587915705,-1466338752,637.34,390.79999999999995,0,120,0,0
1039130756,587915808,-1466338867,638.53,390.79999999999995,0,120,0,0
1039130757,587916011,-1466339012,640.61,390.79999999999995,0,120,0,0
1039130758,587916172,-1466339244,642.66,390.79999999999995,0.942,120,0,0
1039130759,587916397,-1466339529,645.37,390.79999999999995,0.942,120,0,0
1039130760,587916686,-1466339784,648.48,390.79999999999995,2.762,119,86,0
1039130761,587916964,-1466340038,651.5,390.79999999999995,2.762,118,86,0
1039130762,587917182,-1466340295,654.06,390.79999999999995,2.762,120,86,0
1039130763,587917404,-1466340590,656.8,390.79999999999995,2.697,119,86,0
1039130764,587917606,-1466340911,659.52,390.79999999999995,2.585,119,86,0
1039130765,587917794,-1466341276,662.35,390.79999999999995,2.585,120,87,0
1039130766,587917970,-1466341664,665.23,390.6,2.585,119,88,0
1039130767,587918113,-1466342079,668.07,390.6,2.603,119,88,0
1039130768,587918187,-1466342567,671.12,390.6,2.65,119,87,0
1039130769,587918240,-1466343013,673.89,390.6,2.659,120,86,0
1039130770,587918276,-1466343484,676.77,390.6,2.669,121,86,0
1039130771,587918315,-1466343906,679.38,390.6,2.669,122,86,0
1039130772,587918338,-1466344394,682.36,390.79999999999995,2.669,122,86,0
1039130773,587918352,-1466344879,685.32,390.79999999999995,2.678,125,86,0
1039130774,587918360,-1466345380,688.38,390.6,2.678,126,86,0
1039130775,587918374,-1466345858,691.29,390.4,2.715,129,87,0
1039130776,587918425,-1466346336,694.25,390.4,2.715,132,87,0
1039130777,587918469,-1466346831,697.29,390.4,2.734,135,87,0
1039130778,587918523,-1466347238,699.82,390.4,2.734,138,87,0
1039130779,587918541,-1466347689,702.58,390.4,2.725,140,87,0
1039130780,587918556,-1466348143,705.35,390.4,2.725,142,86,0
1039130781,587918585,-1466348590,708.08,390.4,2.715,143,86,0
1039130782,587918673,-1466349089,711.23,390.4,2.715,144,86,0
1039130783,587918723,-1466349527,713.95,390.4,2.715,145,86,0
1039130784,587918705,-1466349945,716.5,390.4,2.706,146,86,0
1039130785,587918577,-1466350377,719.39,390.4,2.697,147,86,0
1039130786,587918437,-1466350858,722.55,390.4,2.697,148,85,0.5
1039130787,587918234,-1466351233,725.48,390.4,2.706,149,85,0.5
1039130788,587917991,-1466351479,728.15,390.4,2.706,150,85,0
1039130789,587917651,-1466351697,731.47,390.4,2.715,151,85,0
1039130790,587917244,-1466351879,735.29,390.20000000000005,2.715,152,85,0
1039130791,587916931,-1466351926,738.19,390.20000000000005,2.725,152,87,0
1039130792,587916629,-1466351953,740.99,390.20000000000005,2.743,153,88,0
1039130793,587916316,-1466351954,743.89,390.20000000000005,2.743,154,89,0
1039130794,587915989,-1466351943,746.91,390.20000000000005,2.743,155,89,0
1039130795,587915691,-1466351915,749.69,390.20000000000005,2.771,156,89,0
1039130796,587915419,-1466351836,752.27,390,2.771,156,89,0
1039130797,587915213,-1466351710,754.32,390,2.771,157,88,0
1039130798,587915017,-1466351494,756.52,390,2.734,157,87,0
1039130799,587914839,-1466351095,759.45,390,2.734,157,87,0
1039130800,587914721,-1466350686,762.17,390,2.725,158,86,0
1039130801,587914601,-1466350289,764.81,390,2.725,158,86,0
1039130802,587914521,-1466349874,767.45,390,2.715,158,87,0
1039130803,587914467,-1466349399,770.38,390,2.715,158,87,0
1039130804,587914419,-1466348853,773.7,391.6,2.715,158,87,0
1039130805,587914321,-1466348384,776.65,391.79999999999995,2.715,158,87,0
1039130806,587914245,-1466347929,779.5,391.79999999999995,2.734,159,87,0
1039130807,587914200,-1466347488,782.19,389.79999999999995,2.734,159,87,0
1039130808,587914172,-1466347030,784.97,389.79999999999995,2.734,159,88,0
1039130809,587914165,-1466346557,787.85,389.79999999999995,2.734,159,88,0
1039130810,587914167,-1466346079,790.75,389.4,2.743,160,87,0
1039130811,587914177,-1466345601,793.66,389.79999999999995,2.743,161,87,0
1039130812,587914213,-1466345142,796.48,390,2.753,162,88,0
1039130813,587914223,-1466344741,798.93,390.6,2.753,163,88,0
1039130814,587914228,-1466344313,801.52,390,2.753,164,88,0
1039130815,587914227,-1466343859,804.28,389.79999999999995,2.753,165,88,0
1039130816,587914185,-1466343377,807.24,390,2.743,165,87,0
1039130817,587914133,-1466342943,809.93,389.79999999999995,2.743,166,86,0
1039130818,587914062,-1466342519,812.58,389.6,2.743,167,86,0
1039130819,587913964,-1466342073,815.45,389.6,2.743,167,86,0
1039130820,587913906,-1466341641,818.14,389.6,2.734,167,87,0
1039130821,587913869,-1466341198,820.86,389.6,2.734,168,87,0
1039130822,587913848,-1466340794,823.32,389.6,2.734,166,87,0
1039130823,587913888,-1466340408,825.7,389.4,2.725,167,87,0
1039130824,587913985,-1466340030,828.18,389.4,2.715,168,88,0
1039130825,587914206,-1466339687,831.11,389.4,2.715,168,88,0
1039130826,587914420,-1466339405,833.73,389.4,2.706,169,88,0
1039130827,587914693,-1466339159,836.63,389.6,2.706,169,88,0
1039130828,587914974,-1466339033,839.32,389.79999999999995,2.706,169,88,0
1039130829,587915304,-1466338963,842.42,390,2.706,170,88,0
1039130830,587915588,-1466338944,845.07,390.79999999999995,2.697,170,88,0
1039130831,587915875,-1466338907,847.74,390.79999999999995,2.697,171,88,0
1039130832,587916245,-1466338867,851.2,391,2.697,171,87,0
1039130833,587916567,-1466338884,854.2,391,2.706,171,87,0
1039130834,587916927,-1466339075,857.65,391.6,2.706,171,87,0
1039130835,587917240,-1466339180,860.64,392.20000000000005,2.706,171,87,0
1039130836,587917582,-1466339285,863.84,391.79999999999995,2.715,171,87,0
1039130837,587917916,-1466339476,867.16,391.6,2.725,172,87,0
1039130838,587918214,-1466339719,870.29,391.6,2.725,172,87,0
1039130839,587918479,-1466339979,873.21,391.6,2.743,172,87,0
1039130840,587918678,-1466340287,875.83,391.6,2.743,172,87,0
1039130841,587918833,-1466340635,878.37,391.4,2.743,172,87,0
1039130842,587918990,-1466341014,881.04,391.6,2.743,172,86,0.5
1039130843,587919075,-1466341445,883.7,391,2.743,172,86,0
1039130844,587919133,-1466341931,886.69,391.4,2.743,172,86,0
1039130845,587919178,-1466342370,889.39,391,2.743,172,86,0
1039130846,587919225,-1466342781,891.93,391,2.743,172,86,0
1039130847,587919300,-1466343179,894.46,391.20000000000005,2.743,172,86,0
1039130848,587919368,-1466343601,897.11,391.6,2.734,172,87,0
1039130849,587919442,-1466344033,899.82,391.4,2.734,172,87,0
1039130850,587919506,-1466344467,902.53,391.4,2.734,173,87,0
1039130851,587919545,-1466344964,905.56,391.4,2.734,173,87,0
1039130852,587919567,-1466345421,908.35,391.4,2.734,173,88,0
1039130853,587919556,-1466345870,911.07,391.4,2.734,174,88,0
1039130854,587919529,-1466346315,913.79,391.4,2.734,174,88,0.5
1039130855,587919521,-1466346752,916.35,391.6,2.734,174,89,0
1039130856,587919462,-1466347190,919.08,391.6,2.734,174,90,0
1039130857,587919348,-1466347583,921.24,391.6,2.734,174,90,0
1039130858,587919317,-1466347973,923.56,391.79999999999995,2.734,174,90,0
1039130859,587919336,-1466348341,925.76,391.79999999999995,2.706,174,89,0
1039130860,587919345,-1466348716,928.04,391.79999999999995,2.706,174,89,0
1039130861,587919349,-1466349186,930.77,391.79999999999995,2.706,174,89,0
1039130862,587919319,-1466349792,934.42,392,2.697,174,88,0.5
1039130863,587919311,-1466350197,936.87,392,2.706,172,87,0.5
1039130864,587919335,-1466350633,939.54,392,2.706,173,86,0.5
1039130865,587919276,-1466351151,942.73,392,2.697,173,86,0.5
1039130866,587919180,-1466351517,945.1,392,2.697,174,87,0
1039130867,587919044,-1466351849,947.41,392,2.697,174,87,0
1039130868,587918802,-1466352212,950.48,392,2.697,175,87,0
1039130869,587918513,-1466352456,953.44,392.6,2.697,175,87,0
1039130870,587918236,-1466352586,956.07,392.6,2.697,176,86,0.5
1039130871,587917926,-1466352671,958.94,392.6,2.697,176,86,0
1039130872,587917646,-1466352675,961.54,392.6,2.697,176,86,0
1039130873,587917343,-1466352644,964.35,392.6,2.697,176,86,0
1039130874,587917035,-1466352711,967.25,392.4,2.697,177,87,0
1039130875,587916745,-1466352629,970,392.4,2.697,177,87,0
1039130876,587916468,-1466352589,972.58,392.79999999999995,2.697,177,86,0
1039130877,587916176,-1466352558,975.32,392.6,2.697,178,86,0
1039130878,587915905,-1466352555,977.84,392.79999999999995,2.697,178,87,0
1039130879,587915646,-1466352536,980.25,392.79999999999995,2.697,179,88,0
1039130880,587915373,-1466352523,982.78,392.4,2.687,179,89,0
1039130881,587915144,-1466352397,985.04,392.4,2.687,179,89,0
1039130882,587914956,-1466352180,987.22,392.6,2.687,179,89,0
1039130883,587914796,-1466351872,989.63,392.4,2.669,180,88,0
1039130884,587914667,-1466351513,992.12,392.4,2.669,180,87,0
1039130885,587914546,-1466351070,995.05,392,2.669,180,85,0
1039130886,587914412,-1466350617,998.07,392,2.659,180,85,0
1039130887,587914337,-1466350202,1000.69,391.79999999999995,2.659,180,85,0
1039130888,587914324,-1466349775,1003.3,392.20000000000005,2.669,181,86,0
1039130889,587914312,-1466349403,1005.57,392.4,2.669,181,86,0
1039130890,587914291,-1466349106,1007.39,391.6,2.669,181,85,0
1039130891,587914265,-1466348866,1008.87,391.79999999999995,2.65,181,85,0
1039130892,587914244,-1466348712,1009.81,391.6,2.613,182,86,0
1039130893,587914219,-1466348551,1010.77,391.79999999999995,2.557,182,86,0
1039130894,587914235,-1466348398,1011.7,392,1.4,182,86,0
1039130895,587914244,-1466348249,1012.61,391.79999999999995,1.325,182,86,0
1039130896,587914262,-1466348078,1013.67,391.4,1.334,182,86,0
1039130897,587914266,-1466347862,1014.97,391.4,1.334,182,50,0.5
1039130898,587914239,-1466347654,1016.27,389.79999999999995,1.334,182,50,0.5
1039130899,587914221,-1466347478,1017.34,389.6,1.288,182,52,0.5
1039130900,587914223,-1466347316,1018.32,389.4,1.288,182,52,0.5
1039130901,587914232,-1466347151,1019.32,389.6,1.064,182,52,0
1039130902,587914245,-1466346973,1020.42,389.6,0.97,182,51,0.5
1039130903,587914258,-1466346783,1021.58,389.4,0.961,182,51,0.5
1039130904,587914281,-1466346584,1022.81,389.4,0.961,182,52,0.5
1039130905,587914292,-1466346387,1024.02,389.4,0.998,182,52,0.5
1039130906,587914299,-1466346165,1025.37,389.6,1.045,181,53,0
1039130907,587914298,-1466345973,1026.54,389.79999999999995,1.082,181,53,0
1039130908,587914295,-1466345759,1027.75,389.79999999999995,1.082,181,54,0
1039130909,587914241,-1466345192,1031.22,389.6,1.082,181,56,0
1039130910,587914244,-1466344958,1032.62,389.20000000000005,1.092,180,56,0
1039130911,587914258,-1466344754,1033.85,389.4,1.148,180,56,0
1039130912,587914291,-1466344546,1035.12,389.20000000000005,1.148,180,54,0.5
1039130913,587914310,-1466344366,1036.23,390,1.166,180,54,0.5
1039130914,587914297,-1466344227,1037.08,390.20000000000005,1.166,180,54,0.5
1039130915,587914254,-1466344101,1037.95,390,1.082,180,54,0.5
1039130916,587914205,-1466343946,1039,390.20000000000005,1.082,180,53,0
1039130917,587914209,-1466343781,1039.99,390,1.036,179,53,0
1039130918,587914214,-1466343595,1041.12,390,1.036,179,53,0
1039130919,587914235,-1466343373,1042.48,389.79999999999995,1.045,179,54,0
1039130920,587914261,-1466343182,1043.67,390,1.045,178,54,0
1039130921,587914281,-1466343055,1044.46,389.79999999999995,1.054,178,54,0
1039130922,587914286,-1466342904,1045.38,389.6,1.064,177,53,0
1039130923,587914266,-1466342752,1046.31,389.79999999999995,1.064,177,52,0.5
1039130924,587914243,-1466342560,1047.5,389.6,1.054,177,51,0.5
1039130925,587914266,-1466342356,1048.74,389.6,1.054,176,50,0.5
1039130926,587914243,-1466342158,1049.96,389.4,1.054,176,50,0.5
1039130927,587914255,-1466341931,1051.35,389.6,1.092,175,50,0.5
1039130928,587914262,-1466341705,1052.73,389.79999999999995,1.092,175,52,0
1039130929,587914281,-1466341539,1053.75,389.79999999999995,1.12,174,52,0
1039130930,587914267,-1466341415,1054.52,389.79999999999995,1.12,174,52,0.5
1039130931,587914286,-1466341246,1055.56,389.79999999999995,1.12,174,52,0.5
1039130932,587914283,-1466341080,1056.57,389.79999999999995,1.036,173,52,0.5
1039130933,587914323,-1466340943,1057.43,390,1.036,173,52,0.5
1039130934,587914417,-1466340735,1058.94,389.79999999999995,1.036,173,52,0
1039130935,587914523,-1466340525,1060.56,389.6,1.036,173,52,0
1039130936,587914596,-1466340269,1062.26,389.6,1.064,172,52,0.5
1039130937,587914629,-1466340053,1063.6,389.79999999999995,1.073,172,53,0
1039130938,587914650,-1466339854,1064.81,390.20000000000005,1.073,172,54,0.5
1039130939,587914656,-1466339684,1065.85,389.79999999999995,1.073,172,55,0
1039130940,587914676,-1466339536,1066.75,389.79999999999995,1.082,171,55,0
1039130941,587914713,-1466339445,1067.39,389.79999999999995,1.073,171,55,0
1039130942,587914779,-1466339333,1068.3,389.6,1.036,170,54,0.5
1039130943,587914858,-1466339200,1069.39,389.79999999999995,1.036,170,55,0
1039130944,587914963,-1466339097,1070.55,389.79999999999995,1.036,170,55,0
1039130945,587915120,-1466339059,1071.95,389.6,1.045,169,55,0
1039130946,587915281,-1466339028,1073.41,389.79999999999995,1.064,169,55,0
1039130947,587915456,-1466339062,1074.96,390.79999999999995,1.064,169,54,0
1039130948,587915595,-1466339088,1076.27,391,1.11,169,54,0
1039130949,587915715,-1466339073,1077.38,391,1.11,168,54,0
1039130950,587915812,-1466339078,1078.29,391,1.11,168,54,0.5
1039130951,587915919,-1466339086,1079.25,390.79999999999995,1.101,168,55,0
1039130952,587916025,-1466339127,1080.25,391,1.101,168,55,0
1039130953,587916129,-1466339148,1081.23,390.79999999999995,1.101,168,55,0
1039130954,587916252,-1466339180,1082.39,391,1.092,167,54,0
1039130955,587916387,-1466339219,1083.67,391,1.092,167,54,0
1039130956,587916524,-1466339279,1084.97,390.79999999999995,1.092,167,54,0.5
1039130957,587916677,-1466339308,1086.38,390.79999999999995,1.11,167,55,0.5
1039130958,587916812,-1466339325,1087.64,390.79999999999995,1.11,167,55,0.5
1039130959,587916939,-1466339342,1088.83,390.79999999999995,1.11,166,55,0.5
1039130960,587917013,-1466339433,1089.63,391.20000000000005,1.12,166,55,0.5
1039130961,587917052,-1466339437,1089.96,391.4,1.12,166,55,0
1039130962,587917023,-1466339407,1090.06,391.4,1.11,165,0,0
1039130963,587916990,-1466339422,1090.36,391.4,1.11,165,0,0
1039130964,587916919,-1466339416,1090.97,391.20000000000005,1.092,164,54,0
1039130965,587916824,-1466339400,1091.82,391.20000000000005,1.092,163,54,0
1039130966,587916721,-1466339379,1092.75,391.20000000000005,1.064,163,54,0
1039130967,587916640,-1466339339,1093.49,391.20000000000005,1.026,162,54,0
1039130968,587916571,-1466339242,1094.16,391.20000000000005,1.017,162,53,0
1039130969,587916471,-1466339112,1095.3,391.20000000000005,1.017,162,53,0
1039130970,587916373,-1466339017,1096.36,391.20000000000005,0.98,161,53,0
1039130971,587916306,-1466338884,1097.31,391.20000000000005,0.98,161,53,0
1039130972,587916258,-1466338732,1098.23,391.20000000000005,0.97,161,53,0
1039130973,587916188,-1466338617,1099.18,391.20000000000005,0.961,160,52,0.5
1039130974,587916084,-1466338519,1100.31,391.20000000000005,0.961,160,50,0.5
1039130975,587916014,-1466338434,1101.14,391.4,0.961,160,50,0.5
1039130976,587915939,-1466338335,1102.05,391.4,0.961,160,50,0.5
1039130977,587915862,-1466338304,1102.79,391.4,0.952,160,50,0.5
1039130978,587915783,-1466338275,1103.55,391.4,0.924,160,50,0.5
1039130979,587915719,-1466338270,1104.14,391.4,0.924,159,48,0.5
1039130980,587915634,-1466338310,1104.96,391.20000000000005,0.868,159,48,0.5
1039130981,587915552,-1466338379,1105.82,391.20000000000005,0.868,158,48,0.5
1039130982,587915536,-1466338484,1106.36,391.20000000000005,0.868,158,48,0.5
1039130983,587915545,-1466338516,1106.49,391.20000000000005,0.868,157,52,0
1039130984,587915537,-1466338527,1106.58,391.20000000000005,0.765,157,52,0
1039130985,587915518,-1466338534,1106.67,391.20000000000005,0.653,157,0,0
1039130986,587915514,-1466338535,1106.68,391,0.653,157,0,0
1039130987,587915500,-1466338583,1106.98,391,0.616,156,0,0
1039130988,587915499,-1466338596,1107.05,391,0.616,156,0,0
1039130989,587915512,-1466338618,1107.22,391,0.588,156,0,0
1039130990,587915495,-1466338627,1107.22,391,0.588,155,0,0
1039130991,587915489,-1466338658,1107.4,390.79999999999995,0.532,154,0,0
1039130992,587915481,-1466338672,1107.5,390.6,0.532,154,0,0
1039130993,587915481,-1466338673,1107.5,390.6,0.504,154,0,0
1039130994,587915482,-1466338676,1107.5,390.6,0,153,0,0
1039130995,587915480,-1466338674,1107.5,390.6,0,152,0,0
1039130996,587915485,-1466338677,1107.5,390.6,0,152,0,0
1039130997,587915484,-1466338673,1107.52,390.6,0,151,0,0
1039130998,587915491,-1466338659,1107.6,390.6,0,151,0,0
1039130999,587915490,-1466338652,1107.64,390.4,0,148,0,0
1039131000,587915491,-1466338646,1107.68,390.4,0,145,0,0
1039131001,587915489,-1466338648,1107.69,390.6,0,144,0,0
1039131002,587915487,-1466338646,1107.69,390.4,0,143,0,0
1039131003,587915488,-1466338652,1107.73,390.6,0,142,0,0
1039131004,587915491,-1466338652,1107.73,390.6,0,141,0,0
1039131005,587915491,-1466338656,1107.73,390.6,0,140,0,0
1039131006,587915490,-1466338656,1107.73,390.6,0,139,0,0
1039131007,587915490,-1466338655,1107.73,390.79999999999995,0,138,0,0
1039131008,587915488,-1466338650,1107.77,390.79999999999995,0,138,0,0
1039131009,587915487,-1466338645,1107.79,390.6,0,137,0,0
1039131010,587915501,-1466338626,1107.96,390.6,0,137,0,0
1039131011,587915499,-1466338642,1108.03,390.6,0,136,0,0
1039131012,587915557,-1466338578,1108.7,390.6,0,136,0,0
1039131013,587915637,-1466338593,1109.44,391.20000000000005,0,135,0,0
1039131014,587915674,-1466338585,1109.78,391.4,0,135,0,0
1039131015,587915691,-1466338528,1110.13,391.6,0,134,0,0
1039131016,587915665,-1466338496,1110.21,391.4,0,134,0,0
1039131017,587915626,-1466338505,1110.31,391.6,0,134,0,0
1039131018,587915582,-1466338505,1110.72,391.79999999999995,0,134,0,0
1039131019,587915544,-1466338529,1111.1,391.79999999999995,0,134,0,0
1039131020,587915573,-1466338542,1111.1,391.6,0,135,0,0
1039131021,587915558,-1466338538,1111.16,391.6,0,135,0,0
1039131022,587915544,-1466338513,1111.35,391.6,0,135,0,0
1039131023,587915502,-1466338528,1111.71,391.79999999999995,0,136,0,0
1039131024,587915497,-1466338531,1111.73,391.79999999999995,0,136,0,0
1039131025,587915479,-1466338568,1112.02,391.79999999999995,0,137,0,0
1039131026,587915496,-1466338607,1112.28,390.79999999999995,0,137,0,0
1039131027,587915492,-1466338637,1112.47,391,0,137,0,0
1039131028,587915544,-1466338643,1112.89,391,0,137,0,0
1039131029,587915532,-1466338620,1112.89,391.4,0,137,0,0
1039131030,587915495,-1466338672,1113.36,391,0,137,0,0
1039131031,587915541,-1466338600,1113.97,390.79999999999995,0,137,0,0
1039131032,587915561,-1466338557,1114.29,391.20000000000005,0,138,0,0
1039131033,587915574,-1466338527,1114.5,390.79999999999995,0,137,0,0
1039131034,587915593,-1466338472,1114.86,391,0,136,0,0
1039131035,587915597,-1466338409,1115.21,391.20000000000005,0,136,0,0
1039131036,587915604,-1466338397,1115.3,391.4,0,135,0,0
1039131037,587915593,-1466338390,1115.3,391.20000000000005,0,135,0,0
1039131038,587915582,-1466338374,1115.3,391.4,0,135,0,0
1039131039,587915570,-1466338309,1115.61,391.20000000000005,0,135,0,0
1039131040,587915571,-1466338305,1115.63,391,0,135,0,0
1039131041,587915560,-1466338318,1115.63,391.20000000000005,0,135,0,0
1039131042,587915557,-1466338290,1115.71,391.20000000000005,0,135,0,0
1039131043,587915537,-1466338272,1115.72,391.20000000000005,0,134,0,0
1039131044,587915521,-1466338283,1115.72,391,0,134,0,0
1039131045,587915511,-1466338288,1115.72,391.20000000000005,0,134,0,0
1039131046,587915501,-1466338303,1115.72,391.4,0,134,0,0
1039131047,587915515,-1466338300,1115.84,391.4,0,133,0,0
1039131048,587915531,-1466338331,1116.04,391.4,0,133,0,0
1039131049,587915530,-1466338374,1116.29,391.4,0,132,0,0
1039131050,587915531,-1466338382,1116.29,391.4,0,131,0,0
1039131051,587915517,-1466338402,1116.46,391.20000000000005,0,130,0,0
1039131052,587915504,-1466338415,1116.61,391.20000000000005,0,129,0,0
1039131053,587915502,-1466338416,1116.63,391.20000000000005,0,129,0,0
1039131054,587915503,-1466338416,1116.64,391.20000000000005,0,128,0,0
1039131055,587915504,-1466338418,1116.64,391.20000000000005,0,127,0,0
1039131056,587915507,-1466338412,1116.68,391.20000000000005,0,126,0,0
1039131057,587915509,-1466338417,1116.71,391.20000000000005,0,125,0,0
1039131058,587915514,-1466338425,1116.71,391.20000000000005,0,124,0,0
1039131059,587915507,-1466338410,1116.82,391.20000000000005,0,123,0,0
1039131060,587915502,-1466338400,1116.89,391.20000000000005,0,123,0,0
1039131061,587915501,-1466338394,1116.93,391.20000000000005,0,123,0,0
1039131062,587915500,-1466338391,1116.95,391.20000000000005,0,123,0,0
1039131063,587915497,-1466338388,1116.99,391.4,0,122,0,0
1039131064,587915494,-1466338387,1117,391.4,0,121,0,0
1039131065,587915493,-1466338379,1117.04,391.4,0,121,0,0
1039131066,587915493,-1466338373,1117.08,391.4,0,120,0,0
1039131067,587915490,-1466338369,1117.11,391.6,0,120,0,0
1039131068,587915489,-1466338366,1117.13,391.6,0,121,0,0
1039131069,587915499,-1466338362,1117.21,391.6,0,121,0,0
1039131070,587915559,-1466338412,1117.85,391.79999999999995,0,121,82,0.5
1039131071,587915730,-1466338465,1119.45,391.79999999999995,0,122,82,0.5
1039131072,587915963,-1466338485,1121.62,391.79999999999995,0.56,122,0,0
1039131073,587916166,-1466338542,1123.49,391.79999999999995,2.127,123,0,0
1039131074,587916405,-1466338654,1125.81,391.79999999999995,2.221,123,82,0.5
1039131075,587916716,-1466338714,1128.73,391.79999999999995,2.519,124,87,0.5
1039131076,587917057,-1466338731,1131.91,391.79999999999995,2.519,125,87,0.5
1039131077,587917368,-1466338755,1134.8,391.79999999999995,2.855,126,87,0.5
1039131078,587917659,-1466338772,1137.51,391.79999999999995,2.883,128,87,0.5
1039131079,587917955,-1466338802,1140.28,391.79999999999995,2.846,129,90,0
1039131080,587918226,-1466338822,1142.81,391.79999999999995,2.827,130,91,0
1039131081,587918451,-1466338863,1144.91,391.79999999999995,2.827,131,91,0
1039131082,587918682,-1466338991,1147.2,391.79999999999995,2.809,132,91,0
1039131083,587918946,-1466339227,1150.05,391.79999999999995,2.715,133,91,0
1039131084,587919154,-1466339542,1152.78,391.79999999999995,2.706,134,90,0
1039131085,587919278,-1466339963,1155.59,391.6,2.715,136,90,0
1039131086,587919374,-1466340479,1158.86,391.6,2.715,137,90,0
1039131087,587919425,-1466340901,1161.44,391.6,2.734,139,90,0
1039131088,587919427,-1466341365,1164.26,391.4,2.743,140,89,0
1039131089,587919429,-1466341854,1167.25,391.4,2.762,142,89,0
1039131090,587919451,-1466342319,1170.09,391.4,2.781,144,89,0
1039131091,587919479,-1466342764,1172.82,391.4,2.781,145,90,0
1039131092,587919491,-1466343246,1175.76,391.20000000000005,2.781,146,90,0
1039131093,587919508,-1466343775,1178.99,391.20000000000005,2.79,147,91,0
1039131094,587919508,-1466344325,1182.34,391.20000000000005,2.79,148,91,0
1039131095,587919551,-1466344892,1185.82,391.20000000000005,2.818,149,91,0
1039131096,587919599,-1466345434,1189.14,391.20000000000005,2.818,150,91,0
1039131097,587919697,-1466345957,1192.45,391.4,2.827,150,91,0
1039131098,587919782,-1466346365,1195.06,391.79999999999995,2.837,151,91,0
1039131099,587919853,-1466346769,1197.6,391.79999999999995,2.827,152,91,0
1039131100,587919875,-1466347235,1200.42,391.79999999999995,2.827,152,91,0
1039131101,587919895,-1466347702,1203.25,391.79999999999995,2.818,153,91,0
1039131102,587919969,-1466348165,1206.13,392,2.818,153,91,0
1039131103,587920000,-1466348628,1208.97,391.6,2.818,154,91,0
1039131104,587920016,-1466349111,1211.87,392,2.818,154,91,0
1039131105,587919989,-1466349586,1214.78,391.79999999999995,2.818,155,91,0
1039131106,587919921,-1466350065,1217.77,391.6,2.818,156,91,0
1039131107,587919805,-1466350623,1221.34,391.6,2.809,157,91,0
1039131108,587919574,-1466351091,1224.82,392,2.809,157,91,0
1039131109,587919267,-1466351445,1228.32,391.79999999999995,2.846,158,90,0
1039131110,587918893,-1466351714,1232.07,392,2.846,158,90,0
1039131111,587918590,-1466351817,1234.91,392,2.874,159,90,0
1039131112,587918264,-1466351925,1238,391.79999999999995,2.874,160,90,0
1039131113,587917828,-1466352122,1242.07,392,2.883,161,89,0
1039131114,587917388,-1466352341,1246.33,392,2.883,162,89,0
1039131115,587917006,-1466352506,1249.96,392,2.948,163,89,0
1039131116,587916701,-1466352574,1252.83,392,2.958,164,89,0
1039131117,587916298,-1466352621,1256.56,392,2.958,164,89,0
1039131118,587915965,-1466352635,1259.66,392,2.958,165,89,0
1039131119,587915644,-1466352639,1262.66,392,2.976,165,89,0
1039131120,587915365,-1466352639,1265.25,392,2.976,166,89,0
1039131121,587915116,-1466352559,1267.59,391.79999999999995,2.958,166,89,0
1039131122,587914910,-1466352392,1269.75,391.79999999999995,2.958,167,89,0
1039131123,587914717,-1466352097,1272.26,391.79999999999995,2.893,167,88,0
1039131124,587914557,-1466351639,1275.38,391.79999999999995,2.893,168,88,0
1039131125,587914401,-1466351115,1278.86,391.79999999999995,2.883,168,88,0
1039131126,587914278,-1466350503,1282.76,392,2.883,168,88,0
1039131127,587914152,-1466349951,1286.33,392.4,2.958,168,89,0
1039131128,587914076,-1466349451,1289.41,392.6,2.986,169,89,0
1039131129,587914030,-1466348950,1292.48,392.79999999999995,2.986,169,90,0
1039131130,587913989,-1466348409,1295.77,392.6,3.004,170,90,0
1039131131,587913940,-1466347930,1298.72,392.6,3.004,170,90,0
1039131132,587913901,-1466347442,1301.73,392.6,3.014,170,90,0
1039131133,587913834,-1466346962,1304.71,392.6,3.014,171,90,0
1039131134,587913801,-1466346482,1307.65,392.6,3.023,171,90,0
1039131135,587913733,-1466346048,1310.37,392.6,3.023,172,91,0
1039131136,587913688,-1466345601,1313.13,392.4,3.014,172,91,0
1039131137,587913645,-1466345138,1315.98,392.6,3.004,173,91,0
1039131138,587913615,-1466344679,1318.79,392.4,3.004,173,91,0
1039131139,587913583,-1466344220,1321.6,392.6,3.004,173,89,0
1039131140,587913551,-1466343787,1324.26,392.4,2.995,174,88,0
1039131141,587913530,-1466343381,1326.73,392.79999999999995,2.976,174,88,0
1039131142,587913479,-1466342962,1329.33,392.79999999999995,2.976,174,88,0
1039131143,587913403,-1466342537,1332.01,393,2.948,174,89,0
1039131144,587913382,-1466342098,1334.69,392.6,2.939,174,89,0
1039131145,587913388,-1466341669,1337.27,392.6,2.939,174,89,0
1039131146,587913424,-1466341273,1339.7,392.6,2.93,174,89,0
1039131147,587913438,-1466340867,1342.17,392.6,2.902,174,89,0
1039131148,587913436,-1466340428,1344.85,392.6,2.902,175,89,0.5
1039131149,587913436,-1466339987,1347.52,392.6,2.893,175,92,0
1039131150,587913483,-1466339583,1350.02,392.6,2.883,175,92,0
1039131151,587913559,-1466339220,1352.35,392.6,2.874,175,92,0
1039131152,587913660,-1466338901,1354.51,392.6,2.874,176,88,0.5
1039131153,587913769,-1466338625,1356.47,392.6,2.846,176,88,0.5
1039131154,587913916,-1466338467,1358.09,392.6,2.762,176,88,0.5
1039131155,587914160,-1466338373,1360.42,392.6,2.678,176,88,0.5
1039131156,587914410,-1466338332,1362.76,392.6,2.678,176,88,0.5
1039131157,587914687,-1466338261,1365.38,392.6,2.65,176,90,0
1039131158,587914949,-1466338201,1367.84,392.79999999999995,2.641,176,90,0
1039131159,587915320,-1466338184,1371.3,392.79999999999995,2.65,176,89,0
1039131160,587915608,-1466338150,1373.98,392.79999999999995,2.678,176,89,0
1039131161,587915924,-1466338124,1376.93,392.79999999999995,2.678,176,89,0
1039131162,587916221,-1466338067,1379.72,392.79999999999995,2.678,176,88,0
1039131163,587916569,-1466338018,1382.98,392.79999999999995,2.706,176,88,0
1039131164,587916948,-1466338063,1386.51,392.79999999999995,2.725,176,88,0
1039131165,587917256,-1466338157,1389.43,392.79999999999995,2.734,176,89,0
1039131166,587917557,-1466338299,1392.37,392.79999999999995,2.734,176,89,0
1039131167,587918141,-1466338779,1398.46,392.79999999999995,2.734,176,89,0
1039131168,587918389,-1466339105,1401.47,393,2.734,176,87,0
1039131169,587918662,-1466339464,1404.71,393,2.725,176,87,0
1039131170,587918936,-1466340000,1408.51,393,2.734,177,87,0
1039131171,587919049,-1466340455,1411.46,393,2.771,177,87,0
1039131172,587919139,-1466340902,1414.28,393,2.771,177,87,0
1039131173,587919240,-1466341298,1416.8,393,2.771,177,87,0
1039131174,587919298,-1466341659,1419.03,393,2.753,177,87,0
1039131175,587919362,-1466342079,1421.64,393,2.753,178,87,0
1039131176,587919423,-1466342478,1424.14,393.20000000000005,2.697,178,87,0
1039131177,587919469,-1466342867,1426.54,393.20000000000005,2.697,179,87,0.5
1039131178,587919508,-1466343332,1429.4,393.4,2.678,179,87,0.5
1039131179,587919594,-1466343755,1432.09,393.4,2.678,179,87,0.5
1039131180,587919642,-1466344157,1434.56,393.4,2.678,180,87,0.5
1039131181,587919705,-1466344565,1437.11,393.4,2.669,180,87,0.5
1039131182,587919733,-1466344956,1439.5,393.4,2.659,180,88,0
1039131183,587919769,-1466345398,1442.21,393.6,2.659,180,88,0
1039131184,587919800,-1466345768,1444.48,393.6,2.659,181,88,0
1039131185,587919860,-1466346204,1447.19,393.6,2.641,181,88,0
1039131186,587919941,-1466346623,1449.82,393.6,2.641,181,88,0
1039131187,587920014,-1466347034,1452.39,393.6,2.641,181,88,0
1039131188,587920076,-1466347405,1454.68,393.6,2.631,182,87,0
1039131189,587920158,-1466347654,1456.35,393.6,2.603,182,87,0
1039131190,587920199,-1466348054,1458.54,393.6,2.603,182,87,0
1039131191,587920215,-1466348361,1460.29,393.6,2.538,182,87,0
1039131192,587920238,-1466348713,1462.33,393.6,2.501,182,87,0
1039131193,587920200,-1466349196,1465.17,393.6,2.491,182,87,0
1039131194,587920163,-1466349585,1467.41,393.6,2.491,182,87,0
1039131195,587920133,-1466350034,1470.07,393.6,2.473,182,87,0
1039131196,587920088,-1466350422,1472.48,393.6,2.473,182,87,0
1039131197,587919945,-1466350869,1475.51,393.6,2.463,181,88,0
1039131198,587919818,-1466351125,1477.44,393.6,2.463,181,88,0
1039131199,587919712,-1466351310,1478.93,393.6,2.426,181,88,0
1039131200,587919544,-1466351557,1480.72,393.6,2.426,181,88,0
1039131201,587919368,-1466351848,1482.93,393.6,2.286,181,0,0
1039131202,587919253,-1466352048,1484.53,393.6,2.249,180,0,0
1039131203,587919125,-1466352229,1486.03,393.6,2.221,180,0,0
1039131204,587918924,-1466352413,1488.17,393.79999999999995,1.316,180,0,0
1039131205,587918755,-1466352547,1489.92,392.6,1.316,180,0,0
1039131206,587918546,-1466352657,1491.98,392.79999999999995,1.54,179,0,0
1039131207,587918412,-1466352789,1493.44,392.6,1.54,180,0,0
1039131208,587918236,-1466352868,1495.15,392.79999999999995,1.54,180,0,0
1039131209,587918049,-1466352878,1496.86,392.6,1.577,181,58,0.5
1039131210,587917921,-1466352948,1498.06,392.6,1.577,181,58,0.5
1039131211,587917789,-1466352954,1499.27,392.79999999999995,1.577,181,58,0.5
1039131212,587917677,-1466352907,1500.36,392.6,1.484,181,58,0.5
1039131213,587917584,-1466352775,1501.52,392.6,1.484,180,58,0
1039131214,587917475,-1466352677,1502.7,392.79999999999995,1.353,180,58,0
1039131215,587917383,-1466352589,1503.71,392.79999999999995,1.325,180,58,0
1039131216,587917299,-1466352508,1504.63,393,1.297,179,58,0
1039131217,587917235,-1466352464,1505.28,393,1.297,179,58,0
1039131218,587917162,-1466352460,1505.96,393,1.101,178,57,0
1039131219,587917097,-1466352486,1506.54,392.79999999999995,1.101,178,57,0
1039131220,587917042,-1466352494,1507.06,393,1.017,178,56,0
1039131221,587916967,-1466352525,1507.77,393,0.886,177,55,0
1039131222,587916863,-1466352527,1508.74,392.79999999999995,0.886,177,55,0
1039131223,587916759,-1466352520,1509.71,392.79999999999995,0.886,177,55,0
1039131224,587916651,-1466352517,1510.71,392.79999999999995,0.905,177,55,0
1039131225,587916567,-1466352525,1511.49,392.79999999999995,0.905,176,54,0.5
1039131226,587916454,-1466352502,1512.55,392.79999999999995,0.924,176,55,0
1039131227,587916359,-1466352495,1513.43,392.79999999999995,0.933,176,55,0.5
1039131228,587916293,-1466352439,1514.13,392.79999999999995,0.933,176,55,0.5
1039131229,587916242,-1466352418,1514.61,392.79999999999995,0.933,176,56,0
1039131230,587916186,-1466352399,1515.15,392.79999999999995,0.924,176,56,0
1039131231,587916117,-1466352371,1515.8,392.79999999999995,0.896,176,56,0
1039131232,587916055,-1466352372,1516.35,392.79999999999995,0.877,175,54,0
1039131233,587915957,-1466352351,1517.27,392.79999999999995,0.849,175,54,0
1039131234,587915796,-1466352317,1518.78,392.79999999999995,0.849,175,54,0
1039131235,587915679,-1466352303,1519.88,392.6,0.849,175,54,0
1039131236,587915555,-1466352285,1521.04,392.6,0.877,175,54,0
1039131237,587915423,-1466352238,1522.29,392.6,0.896,175,54,0
1039131238,587915318,-1466352252,1523.25,392.6,0.896,174,54,0
1039131239,587915205,-1466352195,1524.36,392.6,0.905,174,54,0
1039131240,587915090,-1466352146,1525.47,392.6,0.905,174,54,0
1039131241,587914980,-1466352054,1526.63,392.6,0.924,174,55,0
1039131242,587914894,-1466351919,1527.77,392.4,0.933,174,55,0
1039131243,587914869,-1466351801,1528.52,392.4,0.933,173,55,0
1039131244,587914870,-1466351650,1529.44,392.4,0.942,173,56,0
1039131245,587914866,-1466351471,1530.53,392.4,0.952,173,58,0
1039131246,587914882,-1466351325,1531.43,392.20000000000005,0.952,173,58,0
1039131247,587914887,-1466351174,1532.35,392.20000000000005,0.97,173,58,0
1039131248,587914902,-1466351043,1533.16,392.20000000000005,0.98,172,56,0.5
1039131249,587914946,-1466350888,1534.19,392.20000000000005,0.98,171,56,0.5
1039131250,587914970,-1466350725,1535.2,392.20000000000005,0.98,171,56,0.5
1039131251,587914967,-1466350546,1536.27,392.20000000000005,0.989,170,56,0
1039131252,587914959,-1466350349,1537.45,392.20000000000005,0.989,170,54,0
1039131253,587914933,-1466350151,1538.64,392.20000000000005,1.008,170,54,0
1039131254,587914911,-1466349974,1539.72,392.20000000000005,1.036,170,54,0
1039131255,587914892,-1466349820,1540.67,392.20000000000005,1.036,170,54,0
1039131256,587914863,-1466349667,1541.63,392.20000000000005,1.045,170,54,0
1039131257,587914807,-1466349517,1542.67,392.20000000000005,1.045,169,55,0
1039131258,587914778,-1466349366,1543.63,392.20000000000005,1.036,168,55,0
1039131259,587914743,-1466349197,1544.71,392.20000000000005,1.036,167,0,0
1039131260,587914715,-1466349029,1545.76,392.20000000000005,1.036,166,0,0
1039131261,587914687,-1466348874,1546.75,392.20000000000005,1.036,166,51,0.5
1039131262,587914656,-1466348679,1547.97,392.20000000000005,1.036,165,51,0.5
1039131263,587914631,-1466348478,1549.22,392.20000000000005,1.036,164,51,0.5
1039131264,587914636,-1466348327,1550.13,392.20000000000005,1.045,164,51,0.5
1039131265,587914630,-1466348166,1551.12,392.20000000000005,1.045,163,51,0.5
1039131266,587914580,-1466348009,1552.1,392.20000000000005,1.045,162,54,0.5
1039131267,587914530,-1466347867,1553.03,392.20000000000005,1.045,161,54,0.5
1039131268,587914552,-1466347707,1553.99,392.20000000000005,1.045,161,54,0.5
1039131269,587914558,-1466347537,1555.03,392.20000000000005,1.045,160,54,0
1039131270,587914533,-1466347386,1555.97,392.20000000000005,1.045,160,53,0
1039131271,587914519,-1466347223,1556.97,392.20000000000005,1.045,159,53,0
1039131272,587914506,-1466347066,1557.92,392.20000000000005,1.045,159,54,0
1039131273,587914511,-1466346926,1558.78,392.20000000000005,1.045,158,54,0
1039131274,587914508,-1466346792,1559.59,392.20000000000005,1.036,158,54,0
1039131275,587914518,-1466346634,1560.56,392.20000000000005,1.017,157,54,0
1039131276,587914479,-1466346492,1561.41,392.20000000000005,0.989,157,54,0
1039131277,587914465,-1466346356,1562.24,392.20000000000005,0.989,157,52,0.5
1039131278,587914467,-1466346162,1563.42,392.20000000000005,0.97,157,52,0.5
1039131279,587914455,-1466346020,1564.29,392.20000000000005,0.97,156,52,0.5
1039131280,587914452,-1466345868,1565.22,392.20000000000005,0.97,156,52,0.5
1039131281,587914458,-1466345712,1566.18,392.20000000000005,0.97,156,52,0
1039131282,587914462,-1466345583,1566.96,392.20000000000005,0.97,156,52,0
1039131283,587914461,-1466345444,1567.8,392.20000000000005,0.97,156,52,0
1039131284,587914455,-1466345286,1568.76,392.20000000000005,0.952,155,52,0
1039131285,587914447,-1466345094,1569.92,392.20000000000005,0.952,155,53,0
1039131286,587914457,-1466344932,1570.91,392.20000000000005,0.952,155,53,0
1039131287,587914458,-1466344766,1571.93,392.20000000000005,0.961,155,53,0
1039131288,587914454,-1466344619,1572.81,392.20000000000005,0.961,155,54,0
1039131289,587914424,-1466344454,1573.83,392.20000000000005,0.961,154,54,0
1039131290,587914385,-1466344294,1574.82,392.20000000000005,0.961,154,54,0
1039131291,587914342,-1466344149,1575.76,392.20000000000005,0.97,154,52,0
1039131292,587914327,-1466343990,1576.73,392.20000000000005,0.97,154,52,0
1039131293,587914315,-1466343831,1577.7,392.20000000000005,0.97,153,50,0.5
1039131294,587914321,-1466343667,1578.71,392.20000000000005,0.97,153,50,0
1039131295,587914338,-1466343499,1579.74,392.20000000000005,0.97,153,50,0
1039131296,587914326,-1466343356,1580.6,392.20000000000005,0.97,153,50,0
1039131297,587914343,-1466343231,1581.38,392.20000000000005,0.97,153,51,0.5
1039131298,587914348,-1466343096,1582.2,392.20000000000005,0.961,152,51,0.5
1039131299,587914340,-1466342955,1583.06,392.20000000000005,0.942,152,51,0
1039131300,587914379,-1466342824,1583.91,392.20000000000005,0.933,152,50,0.5
1039131301,587914394,-1466342691,1584.73,392.20000000000005,0.924,152,50,0.5
1039131302,587914394,-1466342565,1585.48,392.20000000000005,0.924,152,49,0.5
1039131303,587914398,-1466342441,1586.24,392.20000000000005,0.914,152,48,0.5
1039131304,587914404,-1466342306,1587.06,392.20000000000005,0.896,152,47,0.5
1039131305,587914424,-1466342161,1587.96,392.20000000000005,0.896,152,47,0.5
1039131306,587914443,-1466342003,1588.94,392.20000000000005,0.896,152,47,0.5
1039131307,587914403,-1466341857,1589.83,392.20000000000005,0.896,152,47,0.5
1039131308,587914370,-1466341751,1590.51,392.20000000000005,0.896,151,49,0
1039131309,587914298,-1466341633,1591.39,392.20000000000005,0.886,151,49,0
1039131310,587914262,-1466341486,1592.34,392.20000000000005,0.886,151,49,0
1039131311,587914230,-1466341321,1593.39,392.20000000000005,0.886,151,50,0
1039131312,587914212,-1466341152,1594.44,392.20000000000005,0.886,151,51,0.5
1039131313,587914178,-1466340991,1595.44,392.20000000000005,0.905,151,51,0.5
1039131314,587914128,-1466340836,1596.47,392.20000000000005,0.924,151,51,0.5
1039131315,587914102,-1466340696,1597.35,392.20000000000005,0.924,151,51,0.5
1039131316,587914077,-1466340548,1598.28,392.20000000000005,0.924,151,50,0.5
1039131317,587914113,-1466340387,1599.28,392.20000000000005,0.924,151,50,0.5
1039131318,587914158,-1466340201,1600.48,392.20000000000005,0.933,150,50,0.5
1039131319,587914200,-1466340056,1601.44,392.20000000000005,0.942,150,50,0
1039131320,587914228,-1466339899,1602.43,392.20000000000005,0.942,150,50,0
1039131321,587914243,-1466339761,1603.27,392.20000000000005,0.942,149,50,0
1039131322,587914262,-1466339633,1604.07,392.20000000000005,0.942,149,51,0.5
1039131323,587914265,-1466339492,1604.91,392.20000000000005,0.942,149,51,0.5
1039131324,587914334,-1466339334,1606.04,392.20000000000005,0.924,148,52,0
1039131325,587914397,-1466339286,1606.62,392.20000000000005,0.924,148,52,0
1039131326,587914473,-1466339182,1607.55,392.20000000000005,0.924,147,52,0
1039131327,587914559,-1466339160,1608.26,392.20000000000005,0.914,147,52,0
1039131328,587914616,-1466339088,1608.95,392.20000000000005,0.905,147,50,0.5
1039131329,587914708,-1466339027,1609.85,392.20000000000005,0.896,147,49,0.5
1039131330,587914803,-1466338961,1610.83,392.20000000000005,0.877,146,49,0.5
1039131331,587914902,-1466338941,1611.73,392.20000000000005,0.877,146,49,0.5
1039131332,587914979,-1466338925,1612.45,392.20000000000005,0.877,146,50,0
1039131333,587915044,-1466338886,1613.1,392.20000000000005,0.877,146,50,0
1039131334,587915104,-1466338903,1613.63,392.20000000000005,0.868,146,49,0
1039131335,587915173,-1466338931,1614.27,392.20000000000005,0.84,146,49,0
1039131336,587915218,-1466338910,1614.72,392.20000000000005,0.802,146,45,0.5
1039131337,587915297,-1466338955,1615.42,392.4,0.802,145,45,0.5
1039131338,587915390,-1466338948,1616.28,392.4,0.746,145,46,0
1039131339,587915492,-1466339032,1617.31,392.4,0.746,145,46,0
1039131340,587915572,-1466339079,1618.1,392.4,0.756,145,46,0
1039131341,587915641,-1466339113,1618.78,392.4,0.774,145,45,0.5
1039131342,587915695,-1466339089,1619.27,392.4,0.774,145,45,0.5
1039131343,587915770,-1466339062,1619.98,392.4,0.746,145,45,0.5
1039131344,587915857,-1466339011,1620.84,392.4,0.746,145,0,0
1039131345,587915908,-1466338937,1621.45,392.4,0.737,144,0,0
1039131346,587915908,-1466338820,1621.9,392.4,0.737,144,0,0
1039131347,587915853,-1466338707,1622.3,391.4,0.737,144,0,0
1039131348,587915838,-1466338620,1622.77,391.4,0.709,143,0,0
1039131349,587915840,-1466338581,1622.99,391.4,0.662,143,62,0
1039131350,587915852,-1466338553,1623.2,391.6,0.662,143,62,0
1039131351,587915934,-1466338539,1623.92,391.6,0.616,143,62,0
1039131352,587915980,-1466338479,1624.47,391.79999999999995,0.606,143,62,0
1039131353,587915980,-1466338382,1624.94,391.79999999999995,0.606,144,62,0
1039131354,587915977,-1466338325,1625.23,391.6,0.597,145,62,0
1039131355,587915989,-1466338204,1625.95,391.6,0.597,145,54,0
1039131356,587915990,-1466338105,1626.53,391.6,0.579,146,54,0
1039131357,587915964,-1466338047,1626.86,391.79999999999995,0.579,145,54,0
1039131358,587915937,-1466337992,1627.24,391.79999999999995,0.579,144,54,0
1039131359,587915924,-1466337976,1627.37,391.79999999999995,0.485,143,54,0
1039131360,587915901,-1466337973,1627.56,391.79999999999995,0.485,142,54,0
1039131361,587915876,-1466337934,1627.88,391.6,0.485,141,0,0
1039131362,587915843,-1466337921,1628.2,391.6,0.485,141,0,0
1039131363,587915824,-1466337921,1628.37,391.6,0.476,140,0,0
1039131364,587915824,-1466338000,1628.75,391.6,0.457,139,0,0
1039131365,587915814,-1466338124,1629.51,391.6,0.457,139,47,0
1039131366,587915865,-1466338213,1630.19,391.6,0.485,139,51,0.5
1039131367,587915922,-1466338270,1630.8,391.6,0.513,138,51,0.5
1039131368,587915953,-1466338294,1631.11,391.79999999999995,0.513,138,51,0.5
1039131369,587915990,-1466338251,1631.25,391.79999999999995,0.504,137,0,0
1039131370,587916062,-1466338174,1631.8,391.79999999999995,0.504,136,0,0
1039131371,587916103,-1466338187,1632.19,391.79999999999995,0.504,136,42,0
1039131372,587916140,-1466338180,1632.52,391.79999999999995,0.504,136,78,0.5
1039131373,587916163,-1466338177,1632.72,391.79999999999995,0.504,136,78,0.5
1039131374,587916194,-1466338166,1633.01,391.79999999999995,0.485,136,78,0.5
1039131375,587916225,-1466338136,1633.3,391.79999999999995,0.485,135,45,0.5
1039131376,587916190,-1466338126,1633.3,391.79999999999995,0.476,135,45,0.5
1039131377,587916129,-1466338160,1633.86,391.79999999999995,0.457,135,45,0.5
1039131378,587916079,-1466338203,1634.39,391.79999999999995,0.457,135,46,0
1039131379,587916080,-1466338243,1634.62,391.79999999999995,0.448,135,46,0
1039131380,587916037,-1466338294,1635.06,391.79999999999995,0.448,136,46,0
1039131381,587916043,-1466338346,1635.38,391.79999999999995,0.448,136,0,0
1039131382,587916004,-1466338363,1635.38,391.79999999999995,0.448,136,0,0
1039131383,587916008,-1466338387,1635.51,391.79999999999995,0.439,137,0,0
1039131384,587915961,-1466338432,1635.7,391.79999999999995,0.42,137,0,0
1039131385,587915936,-1466338468,1635.86,391.79999999999995,0,137,0,0
1039131386,587915941,-1466338493,1636.01,391.79999999999995,0,136,0,0
1039131387,587915946,-1466338493,1636.05,391.79999999999995,0,135,0,0
1039131388,587915944,-1466338494,1636.05,391.79999999999995,0,135,0,0
1039131389,587915936,-1466338497,1636.05,391.79999999999995,0,134,0,0
1039131390,587915901,-1466338500,1636.32,391.4,0,133,0,0
1039131391,587915890,-1466338532,1636.54,391.4,0,133,0,0
1039131392,587915891,-1466338540,1636.57,391.20000000000005,0,133,0,0
1039131393,587915892,-1466338540,1636.58,391.4,0,133,0,0
1039131394,587915899,-1466338544,1636.58,391.6,0,134,0,0
1039131395,587915893,-1466338546,1636.63,391.4,0,134,0,0
1039131396,587915873,-1466338591,1636.95,391.4,0,134,0,0
1039131397,587915875,-1466338600,1636.99,391.20000000000005,0,136,0,0
1039131398,587915895,-1466338585,1636.99,391.4,0,136,0,0
1039131399,587915917,-1466338568,1637.19,391.4,0,136,0,0
1039131400,587915934,-1466338553,1637.37,391.20000000000005,0,136,0,0
1039131401,587915950,-1466338555,1637.52,391,0,136,0,0
1039131402,587915924,-1466338610,1637.9,391.4,0,135,0,0
1039131403,587915923,-1466338620,1637.94,391.20000000000005,0,135,0,0
1039131404,587915930,-1466338623,1638,391.20000000000005,0,134,0,0
1039131405,587915937,-1466338627,1638,391.4,0,133,0,0
1039131406,587915924,-1466338664,1638.24,391.4,0,133,0,0
1039131407,587915922,-1466338656,1638.24,391.4,0,132,0,0
1039131408,587915906,-1466338648,1638.39,391.20000000000005,0,131,0,0
1039131409,587915899,-1466338647,1638.39,391.20000000000005,0,131,0,0
1039131410,587915883,-1466338663,1638.39,391.20000000000005,0,131,0,0
1039131411,587915878,-1466338650,1638.46,391.4,0,131,0,0
1039131412,587915870,-1466338664,1638.54,391.4,0,131,0,0
1039131413,587915836,-1466338681,1638.86,391.4,0,130,0,0
1039131414,587915829,-1466338693,1638.95,391.4,0,130,0,0
1039131415,587915830,-1466338693,1638.95,391.4,0,130,0,0
1039131416,587915818,-1466338695,1639.06,391.4,0,130,0,0
1039131417,587915802,-1466338695,1639.21,391.4,0,130,0,0
1039131418,587915793,-1466338720,1639.37,391.4,0,129,0,0
1039131419,587915791,-1466338734,1639.46,391.4,0,129,0,0
1039131420,587915805,-1466338710,1639.47,391.4,0,129,0,0
1039131421,587915831,-1466338696,1639.71,391.4,0,129,0,0
1039131422,587915832,-1466338683,1639.75,391.4,0,128,0,0
1039131423,587915848,-1466338657,1639.95,391.4,0,128,0,0
1039131424,587915848,-1466338691,1639.99,391.4,0,128,0,0
1039131425,587915802,-1466338751,1640.55,391.4,0,127,0,0
1039131426,587915801,-1466338785,1640.73,391.4,0,127,0,0
1039131427,587915767,-1466338834,1641.17,391.4,0,126,0,0
1039131428,587915748,-1466338827,1641.3,391.4,0,126,0,0
1039131429,587915754,-1466338794,1641.3,391.4,0,126,0,0
1039131430,587915756,-1466338774,1641.3,391.4,0,125,0,0
1039131431,587915741,-1466338802,1641.51,391.20000000000005,0,125,0,0
1039131432,587915735,-1466338826,1641.65,391.20000000000005,0,125,0,0
1039131433,587915740,-1466338938,1642.01,391.20000000000005,0,125,0,0
1039131434,587915817,-1466338918,1642.38,391.20000000000005,0,125,0,0
1039131435,587915837,-1466338955,1642.67,391.20000000000005,0,125,0,0
1039131436,587915868,-1466338938,1642.91,391.4,0,125,0,0
1039131437,587915893,-1466338936,1643.14,391.4,0,125,0,0
1039131438,587915918,-1466338920,1643.37,391.4,0,125,0,0
1039131439,587915923,-1466338914,1643.41,391.4,0,125,0,0
1039131440,587915923,-1466338914,1643.41,391.4,0,125,0,0
1039131441,587915926,-1466338921,1643.47,391.6,0,126,0,0
1039131442,587915929,-1466338928,1643.52,391.6,0,126,0,0
1039131443,587915951,-1466338935,1643.72,391.6,0,127,0,0
1039131444,587915980,-1466338950,1644,391.79999999999995,0,127,0,0
1039131445,587915986,-1466338955,1644.07,391.79999999999995,0,127,0,0
1039131446,587915979,-1466338976,1644.18,391.79999999999995,0,127,0,0
1039131447,587915980,-1466339003,1644.34,391.79999999999995,0,128,0,0
1039131448,587915981,-1466339005,1644.35,391.79999999999995,0,128,0,0
1039131449,587915983,-1466339008,1644.38,391.79999999999995,0,128,0,0
1039131450,587915984,-1466339010,1644.39,391.79999999999995,0,128,0,0
1039131451,587915984,-1466339011,1644.4,391.79999999999995,0,128,0,0
1039131452,587915996,-1466339018,1644.52,391.79999999999995,0,128,0,0
1039131453,587916002,-1466339033,1644.63,391.79999999999995,0,127,0,0
1039131454,587915989,-1466339074,1644.88,391.79999999999995,0,127,0,0
1039131455,587915998,-1466339053,1644.88,391.79999999999995,0,127,0,0
1039131456,587916021,-1466339053,1645.05,391.79999999999995,0,128,0,0
1039131457,587916019,-1466339039,1645.06,391.79999999999995,0,128,0,0
1039131458,587915997,-1466339011,1645.32,391.79999999999995,0,128,0,0
1039131459,587915993,-1466339006,1645.32,391.79999999999995,0,128,0,0
1039131460,587915994,-1466339006,1645.32,391.6,0,128,0,0
1039131461,587916000,-1466338982,1645.44,391.6,0,129,0,0
1039131462,587916034,-1466338987,1645.76,391,0,129,0,0
1039131463,587916081,-1466338991,1646.2,391,0,129,0,0
1039131464,587916097,-1466338978,1646.36,391,0,129,0,0
1039131465,587916118,-1466338957,1646.59,391,0,129,0,0
1039131466,587916135,-1466338918,1646.84,391,0,129,0,0
1039131467,587916143,-1466338916,1646.92,391,0,129,0,0
1039131468,587916144,-1466338912,1646.94,391,0,128,0,0
1039131469,587916141,-1466338907,1646.94,391,0,128,0,0
1039131470,587916140,-1466338908,1646.94,391,0,127,0,0
1039131471,587916146,-1466338904,1646.99,391,0,127,0,0
1039131472,587916148,-1466338899,1646.99,391,0,127,0,0
1039131473,587916148,-1466338922,1647.13,391,0,127,0,0
1039131474,587916147,-1466338933,1647.2,391,0,127,0,0
1039131475,587916144,-1466338947,1647.25,391,0,127,0,0
1039131476,587916147,-1466338958,1647.32,391,0,127,0,0
1039131477,587916147,-1466338966,1647.35,391,0,127,0,0
1039131478,587916141,-1466338974,1647.39,391,0,127,0,0
1039131479,587916120,-1466338962,1647.39,391,0,126,0,0
1039131480,587916124,-1466338948,1647.48,391,0,126,0,0
1039131481,587916123,-1466338945,1647.5,391,0,126,0,0
1039131482,587916123,-1466338999,1647.82,391,0,125,0,0
1039131483,587916106,-1466338998,1647.93,391,0,125,0,0
1039131484,587916115,-1466338997,1647.93,391,0,125,0,0
1039131485,587916117,-1466338999,1647.95,391,0,124,0,0
1039131486,587916118,-1466339010,1647.95,391,0,124,0,0
1039131487,587916122,-1466339008,1647.95,391,0,124,0,0
1039131488,587916119,-1466338997,1647.95,391,0,124,0,0
1039131489,587916120,-1466339003,1647.98,391,0,124,0,0
1039131490,587916119,-1466339005,1647.99,391,0,123,0,0
1039131491,587916119,-1466339009,1648.02,391,0,123,0,0
1039131492,587916120,-1466339017,1648.07,391,0,124,0,0
1039131493,587916120,-1466339017,1648.07,391,0,124,0,0
1039131494,587916121,-1466339030,1648.14,391,0,124,0,0
1039131495,587916122,-1466339045,1648.24,391,0,124,0,0
1039131496,587916123,-1466339044,1648.24,391,0,124,0,0
1039131497,587916124,-1466339066,1648.37,391,0,123,0,0
1039131498,587916125,-1466339067,1648.38,391,0,123,0,0
1039131499,587916126,-1466339085,1648.48,391,0,122,0,0
1039131500,587916125,-1466339084,1648.48,391,0,122,0,0
1039131501,587916126,-1466339087,1648.5,391,0,122,0,0
1039131502,587916126,-1466339098,1648.5,391,0,122,0,0
1039131503,587916127,-1466339094,1648.52,391,0,122,0,0
1039131504,587916127,-1466339105,1648.57,391,0,121,0,0
1039131505,587916128,-1466339094,1648.63,391,0,121,0,0
1039131506,587916128,-1466339088,1648.68,391,0,121,0,0
1039131507,587916128,-1466339092,1648.68,391,0,121,0,0
1039131508,587916127,-1466339080,1648.75,391,0,121,0,0
1039131509,587916127,-1466339063,1648.85,391,0,120,0,0
1039131510,587916127,-1466339047,1648.95,391,0,120,0,0
1039131511,587916125,-1466339040,1648.95,391,0,120,0,0
1039131512,587916125,-1466339041,1648.95,391,0,120,0,0
1039131513,587916180,-1466339072,1649.49,391,0,120,0,0
1039131514,587916259,-1466339074,1650.23,391,0,119,0,0
1039131515,587916379,-1466339048,1651.33,391,0,119,0,0
1039131516,587916549,-1466339007,1652.9,391,0,119,87,0.5
1039131517,587916755,-1466338943,1654.83,391,0,119,93,0
1039131518,587916953,-1466338954,1656.65,391,1.4,119,91,0.5
1039131519,587917209,-1466338986,1659.05,391,1.4,119,93,0
1039131520,587917477,-1466338986,1661.54,391,2.603,119,93,0
1039131521,587917718,-1466339038,1663.8,391,2.603,120,93,0
1039131522,587917981,-1466339132,1666.22,391,2.603,121,93,0
1039131523,587918223,-1466339326,1668.67,391,2.613,122,92,0
1039131524,587918476,-1466339623,1671.62,391,2.613,120,92,0
1039131525,587918723,-1466340016,1674.92,391,2.799,120,91,0
1039131526,587918903,-1466340412,1677.83,391,2.799,119,91,0
1039131527,587919045,-1466340823,1680.64,391,2.818,119,91,0
1039131528,587919155,-1466341321,1683.83,391,2.818,120,91,0
1039131529,587919232,-1466341847,1687.1,391,2.846,120,91,0
1039131530,587919308,-1466342372,1690.37,391,2.865,120,91,0
1039131531,587919370,-1466342943,1693.9,391,2.865,123,91,0
1039131532,587919421,-1466343488,1697.25,391,2.893,125,91,0
1039131533,587919472,-1466344013,1700.49,391.20000000000005,2.921,127,91,0
1039131534,587919517,-1466344543,1703.74,391.4,2.921,129,91,0
1039131535,587919591,-1466345073,1707.04,391.4,2.939,130,91,0
1039131536,587919679,-1466345569,1710.18,393.6,2.939,134,91,0
1039131537,587919762,-1466346023,1713.05,393.20000000000005,2.948,136,91,0
1039131538,587919837,-1466346474,1715.88,393.4,2.948,138,91,0
1039131539,587919900,-1466346951,1718.84,393.20000000000005,2.948,140,91,0
1039131540,587919966,-1466347347,1721.33,393.4,2.93,144,91,0
1039131541,587920019,-1466347763,1723.91,393.20000000000005,2.911,149,90,0
1039131542,587920035,-1466348189,1726.51,393.20000000000005,2.893,151,90,0
1039131543,587920019,-1466348748,1729.89,393.20000000000005,2.883,153,91,0
1039131544,587920023,-1466349268,1733.06,392.79999999999995,2.883,154,92,0
1039131545,587920041,-1466349743,1735.96,393.20000000000005,2.883,154,93,0
1039131546,587920057,-1466350225,1738.9,393,2.893,155,93,0
1039131547,587920034,-1466350700,1741.81,393.4,2.902,156,93,0
1039131548,587919966,-1466351155,1744.65,393.20000000000005,2.902,156,92,0
1039131549,587919756,-1466351761,1748.74,393.20000000000005,2.902,156,91,0
1039131550,587919527,-1466352095,1751.58,393.4,2.911,157,91,0
1039131551,587919191,-1466352392,1754.94,393.79999999999995,2.911,157,91,0
1039131552,587918803,-1466352593,1754.94,393.6,2.911,157,91,0
1039131553,587918663,-1466352355,1756.25,393.4,2.902,158,93,0
1039131554,587918667,-1466351968,1758.54,393,2.902,158,94,0
1039131555,587918738,-1466351520,1761.35,393,2.874,159,94,0
1039131556,587918821,-1466351091,1764.07,393.20000000000005,2.874,160,94,0
1039131557,587918908,-1466350587,1767.25,393.20000000000005,2.874,161,92,0
1039131558,587918950,-1466350131,1770.05,393.20000000000005,2.883,161,92,0
1039131559,587919010,-1466349675,1772.89,393.20000000000005,2.883,162,92,0
1039131560,587919051,-1466349240,1775.57,393.20000000000005,2.883,162,91,0
1039131561,587919096,-1466348838,1778.06,393.4,2.883,163,91,0
1039131562,587919156,-1466348408,1780.73,393.4,2.874,164,90,0
1039131563,587919195,-1466348008,1783.2,393.4,2.855,164,90,0
1039131564,587919233,-1466347623,1785.58,393.4,2.846,165,90,0
1039131565,587919258,-1466347192,1788.21,393.4,2.827,166,90,0
1039131566,587919271,-1466346768,1790.8,393.4,2.818,166,91,0
1039131567,587919290,-1466346352,1793.35,393.4,2.799,167,91,0
1039131568,587919355,-1466345967,1795.76,393.4,2.781,167,91,0
1039131569,587919397,-1466345588,1798.11,393.4,2.781,168,91,0
1039131570,587919431,-1466345195,1800.53,393.4,2.771,168,91,0
1039131571,587919473,-1466344736,1803.34,393.20000000000005,2.743,168,91,0
1039131572,587919596,-1466344345,1805.96,393.20000000000005,2.743,169,90,0
1039131573,587919651,-1466343888,1808.79,393.20000000000005,2.734,169,90,0
1039131574,587919723,-1466343449,1811.52,393.20000000000005,2.734,170,90,0
1039131575,587919745,-1466342986,1814.35,393.20000000000005,2.725,170,90,0
1039131576,587919777,-1466342523,1817.18,393.20000000000005,2.725,171,90,0
1039131577,587919799,-1466342082,1819.88,393.20000000000005,2.725,171,90,0
1039131578,587919821,-1466341697,1822.23,393.20000000000005,2.725,171,89,0
1039131579,587919835,-1466341331,1824.47,393.20000000000005,2.706,171,89,0
1039131580,587919842,-1466341036,1826.23,393.20000000000005,2.706,171,90,0
1039131581,587919815,-1466340710,1828.22,393.20000000000005,2.687,171,90,0
1039131582,587919662,-1466340272,1831.24,393.20000000000005,2.669,171,90,0
1039131583,587919569,-1466339988,1833.13,393.20000000000005,2.631,172,90,0
1039131584,587919356,-1466339719,1835.55,393.20000000000005,2.603,172,89,0
1039131585,587919104,-1466339488,1838.23,393.20000000000005,2.603,172,89,0
1039131586,587918677,-1466339124,1842.71,393.20000000000005,2.594,172,89,0
1039131587,587918326,-1466338816,1846.31,393.20000000000005,2.613,173,89,0
1039131588,587918046,-1466338624,1849.17,393.20000000000005,2.613,173,88,0
1039131589,587917782,-1466338509,1851.69,393.20000000000005,2.622,173,88,0
1039131590,587917480,-1466338534,1853.77,393,2.622,173,88,0
1039131591,587917290,-1466338711,1854.43,393,2.613,173,88,0
1039131592,587917248,-1466338940,1855.36,393,2.603,173,87,0
1039131593,587917312,-1466339160,1856.66,393,2.557,173,87,0
1039131594,587917407,-1466339424,1857.98,393,2.557,173,87,0
1039131595,587917567,-1466339470,1859.49,391.6,2.529,173,86,0
1039131596,587917758,-1466339522,1861.23,391.6,2.501,173,86,0
1039131597,587917981,-1466339498,1863.31,391.79999999999995,2.491,173,86,0
1039131598,587918105,-1466339693,1864.38,392.20000000000005,2.491,173,86,0
1039131599,587918292,-1466339649,1866.14,392.4,2.454,173,87,0
1039131600,587918506,-1466339618,1868.12,392.20000000000005,2.417,173,87,0
1039131601,587918732,-1466339612,1870.15,392.20000000000005,2.398,173,87,0
1039131602,587918946,-1466339694,1872.13,392.20000000000005,2.379,173,88,0
1039131603,587919179,-1466339906,1874.56,392.6,2.361,173,88,0
1039131604,587919370,-1466340234,1877.2,392.20000000000005,2.361,173,88,0
1039131605,587919570,-1466340680,1880.44,392.4,2.361,173,87,0
1039131606,587919668,-1466341140,1883.31,392.20000000000005,2.379,173,87,0
1039131607,587919718,-1466341597,1886.07,392.20000000000005,2.417,173,87,0
1039131608,587919749,-1466342046,1888.81,392.20000000000005,2.445,173,87,0
1039131609,587919806,-1466342525,1891.78,392.4,2.473,173,87,0
1039131610,587919850,-1466343004,1894.72,392.4,2.491,173,88,0
1039131611,587919894,-1466343409,1897.22,392.20000000000005,2.547,173,88,0
1039131612,587919929,-1466343826,1899.78,392.4,2.557,173,88,0
1039131613,587919921,-1466344273,1902.51,392.4,2.557,173,89,0
1039131614,587919895,-1466344705,1905.15,392.20000000000005,2.566,173,89,0
1039131615,587919927,-1466345167,1907.97,392.20000000000005,2.566,173,89,0
1039131616,587919946,-1466345611,1910.68,393.6,2.566,173,89,0
1039131617,587919959,-1466346043,1913.31,393.4,2.585,173,88,0
1039131618,587919967,-1466346436,1915.7,394,2.585,173,87,0
1039131619,587920007,-1466346822,1918.08,393.6,2.585,173,87,0
1039131620,587920053,-1466347163,1920.2,393.79999999999995,2.566,173,87,0
1039131621,587920149,-1466347503,1922.45,393.20000000000005,2.547,174,88,0
1039131622,587920215,-1466347886,1924.86,393.79999999999995,2.547,174,89,0
1039131623,587920228,-1466348249,1927.07,393.20000000000005,2.538,174,89,0
1039131624,587920221,-1466348638,1929.41,393.79999999999995,2.519,174,90,0
1039131625,587920193,-1466349004,1931.64,393.4,2.519,173,90,0
1039131626,587920165,-1466349362,1933.79,393.20000000000005,2.501,174,90,0
1039131627,587920141,-1466349737,1936.06,392.79999999999995,2.501,175,90,0
1039131628,587920122,-1466350150,1938.51,393.20000000000005,2.491,175,89,0
1039131629,587920147,-1466350513,1940.73,393.6,2.482,175,89,0
1039131630,587920111,-1466351029,1943.88,393.79999999999995,2.454,174,88,0
1039131631,587919827,-1466351624,1947.97,394.20000000000005,2.454,174,88,0
1039131632,587919576,-1466351836,1950.23,394.4,2.482,174,88,0
1039131633,587919310,-1466351939,1952.58,394,2.482,176,88,0
1039131634,587918895,-1466352106,1956.26,393.4,2.491,176,86,0
1039131635,587918531,-1466352167,1959.43,393.6,2.519,175,85,0
1039131636,587918158,-1466352245,1962.81,393.4,2.538,176,85,0
1039131637,587917834,-1466352258,1965.73,393.6,2.566,177,86,0
1039131638,587917551,-1466352263,1968.34,393.4,2.566,177,87,0
1039131639,587917257,-1466352216,1971.1,393.79999999999995,2.575,178,88,0
1039131640,587916979,-1466352182,1973.67,394.4,2.575,179,88,0
1039131641,587916751,-1466352119,1975.84,394.4,2.575,179,89,0
1039131642,587916520,-1466352097,1977.98,394.20000000000005,2.557,180,89,0
1039131643,587916324,-1466352052,1979.83,394.20000000000005,2.529,180,89,0
1039131644,587916090,-1466352041,1981.98,393.79999999999995,2.501,180,89,0
1039131645,587915917,-1466352027,1983.6,394.20000000000005,2.435,180,89,0
1039131646,587915758,-1466352095,1985.11,394,2.435,180,89,0
1039131647,587915609,-1466352122,1986.48,394.20000000000005,2.267,180,89,0
1039131648,587915441,-1466352154,1988.01,394.4,2.174,180,89,0
