timestamp_x,gFx,gFy,gFz,timestamp2,timestamp_y,distance,speed,heart_rate,cadence,fractional_cadence
0 days 00:12:17,1.6473333333333333,-1.6593333333333333,0.30622222222222223,0 days 00:12:17,0 days 00:12:17,937.59,0.0,120,0,0.0
0 days 00:12:17.100000,-0.5502,-2.1288,0.1897,0 days 00:12:17,0 days 00:12:17,937.59,0.0,120,0,0.0
0 days 00:12:17.200000,-0.8415000000000001,-0.7461,0.5065999999999999,0 days 00:12:17,0 days 00:12:17,937.59,0.0,120,0,0.0
0 days 00:12:17.300000,-0.2725,-1.508,0.3618,0 days 00:12:17,0 days 00:12:17,937.59,0.0,120,0,0.0
0 days 00:12:17.400000,0.599,-0.5589,-0.027399999999999997,0 days 00:12:17,0 days 00:12:17,937.59,0.0,120,0,0.0
0 days 00:12:17.500000,1.918,-1.3647,0.2454,0 days 00:12:17,0 days 00:12:17,937.59,0.0,120,0,0.0
0 days 00:12:17.600000,1.9359000000000002,-0.9849,0.33080000000000004,0 days 00:12:17,0 days 00:12:17,937.59,0.0,120,0,0.0
0 days 00:12:17.700000,1.3555,-1.9035,0.34009999999999996,0 days 00:12:17,0 days 00:12:17,937.59,0.0,120,0,0.0
0 days 00:12:17.800000,-1.1895,-1.6619,0.2657,0 days 00:12:17,0 days 00:12:17,937.59,0.0,120,0,0.0
0 days 00:12:17.900000,-0.728,-0.901,0.3053,0 days 00:12:17,0 days 00:12:17,937.59,0.0,120,0,0.0
0 days 00:12:18,-0.022099999999999998,-1.2568,0.2701,0 days 00:12:18,0 days 00:12:18,937.59,0.0,120,0,0.0
0 days 00:12:18.100000,0.6904,-0.5820000000000001,0.05449999999999999,0 days 00:12:18,0 days 00:12:18,937.59,0.0,120,0,0.0
0 days 00:12:18.200000,2.1933,-1.1038999999999999,0.21680000000000002,0 days 00:12:18,0 days 00:12:18,937.59,0.0,120,0,0.0
0 days 00:12:18.300000,1.688,-0.9471,0.2024,0 days 00:12:18,0 days 00:12:18,937.59,0.0,120,0,0.0
0 days 00:12:18.400000,1.5985999999999998,-1.8922,0.6022000000000001,0 days 00:12:18,0 days 00:12:18,937.59,0.0,120,0,0.0
0 days 00:12:18.500000,-1.2665,-1.4457,0.3124,0 days 00:12:18,0 days 00:12:18,937.59,0.0,120,0,0.0
0 days 00:12:18.600000,-0.7008,-0.9747,0.4444,0 days 00:12:18,0 days 00:12:18,937.59,0.0,120,0,0.0
0 days 00:12:18.700000,0.09269999999999998,-1.2091,0.3148,0 days 00:12:18,0 days 00:12:18,937.59,0.0,120,0,0.0
0 days 00:12:18.800000,0.7088,-0.6758,-0.0437,0 days 00:12:18,0 days 00:12:18,937.59,0.0,120,0,0.0
0 days 00:12:18.900000,2.2458,-0.9945,0.0357,0 days 00:12:18,0 days 00:12:18,937.59,0.0,120,0,0.0
0 days 00:12:19,1.2775,-1.2967,0.44489999999999996,0 days 00:12:19,0 days 00:12:19,937.59,0.0,120,0,0.0
0 days 00:12:19.100000,1.4647999999999999,-2.3431,0.34819999999999995,0 days 00:12:19,0 days 00:12:19,937.59,0.0,120,0,0.0
0 days 00:12:19.200000,-1.4929000000000001,-0.9945999999999999,0.3575,0 days 00:12:19,0 days 00:12:19,937.59,0.0,120,0,0.0
0 days 00:12:19.300000,-0.658,-1.4007,0.4725,0 days 00:12:19,0 days 00:12:19,937.59,0.0,120,0,0.0
0 days 00:12:19.400000,0.3234,-0.968,0.2607,0 days 00:12:19,0 days 00:12:19,937.59,0.0,120,0,0.0
0 days 00:12:19.500000,0.8475999999999999,-0.7148,0.0965,0 days 00:12:19,0 days 00:12:19,937.59,0.0,120,0,0.0
0 days 00:12:19.600000,2.2301,-1.0276,-0.055299999999999995,0 days 00:12:19,0 days 00:12:19,937.59,0.0,120,0,0.0
0 days 00:12:19.700000,1.0835,-1.3221,0.5170000000000001,0 days 00:12:19,0 days 00:12:19,937.59,0.0,120,0,0.0
0 days 00:12:19.800000,1.051,-2.2897,0.4554,0 days 00:12:19,0 days 00:12:19,937.59,0.0,120,0,0.0
0 days 00:12:19.900000,-1.4958,-0.9739000000000001,0.3108,0 days 00:12:19,0 days 00:12:19,937.59,0.0,120,0,0.0
0 days 00:12:20,-0.47330000000000005,-1.6669,0.4307,0 days 00:12:20,0 days 00:12:20,937.59,0.0,120,0,0.0
0 days 00:12:20.100000,0.6131,-0.6404,0.067,0 days 00:12:20,0 days 00:12:20,937.59,0.0,120,0,0.0
0 days 00:12:20.200000,0.7030000000000001,-0.859,0.12869999999999998,0 days 00:12:20,0 days 00:12:20,937.59,0.0,120,0,0.0
0 days 00:12:20.300000,2.3954,-0.9877,-0.15009999999999998,0 days 00:12:20,0 days 00:12:20,937.59,0.0,120,0,0.0
0 days 00:12:20.400000,1.1777000000000002,-1.5324,0.6917,0 days 00:12:20,0 days 00:12:20,937.59,0.0,120,0,0.0
0 days 00:12:20.500000,0.7353,-2.3367999999999998,0.6018,0 days 00:12:20,0 days 00:12:20,937.59,0.0,120,0,0.0
0 days 00:12:20.600000,-1.2817,-0.7477,0.3729,0 days 00:12:20,0 days 00:12:20,937.59,0.0,120,0,0.0
0 days 00:12:20.700000,-0.6355999999999999,-1.6924,0.46530000000000005,0 days 00:12:20,0 days 00:12:20,937.59,0.0,120,0,0.0
0 days 00:12:20.800000,0.7569,-0.6565000000000001,0.07010000000000001,0 days 00:12:20,0 days 00:12:20,937.59,0.0,120,0,0.0
0 days 00:12:20.900000,0.8544,-0.8188000000000001,0.0218,0 days 00:12:20,0 days 00:12:20,937.59,0.0,120,0,0.0
0 days 00:12:21,2.1209,-0.9541999999999999,-0.1397,0 days 00:12:21,0 days 00:12:21,937.59,0.0,120,93,0.0
0 days 00:12:21.100000,1.4141,-1.8416000000000001,0.8818999999999999,0 days 00:12:21,0 days 00:12:21,937.59,0.0,120,93,0.0
0 days 00:12:21.200000,0.11470000000000002,-2.5362999999999998,0.7136,0 days 00:12:21,0 days 00:12:21,937.59,0.0,120,93,0.0
0 days 00:12:21.300000,-1.2949,-0.5063,0.35259999999999997,0 days 00:12:21,0 days 00:12:21,937.59,0.0,120,93,0.0
0 days 00:12:21.400000,-0.8036,-1.5811,0.5625,0 days 00:12:21,0 days 00:12:21,937.59,0.0,120,93,0.0
0 days 00:12:21.500000,1.1564,-0.4142,0.12489999999999998,0 days 00:12:21,0 days 00:12:21,937.59,0.0,120,93,0.0
0 days 00:12:21.600000,0.7126,-0.8343,-0.033800000000000004,0 days 00:12:21,0 days 00:12:21,937.59,0.0,120,93,0.0
0 days 00:12:21.700000,1.9546666666666666,-1.046111111111111,-0.042333333333333334,0 days 00:12:21,0 days 00:12:21,937.59,0.0,120,93,0.0
0 days 00:12:21.800000,1.349,-1.2567272727272727,1.431,0 days 00:12:21,0 days 00:12:21,937.59,0.0,120,93,0.0
0 days 00:12:21.900000,0.5222222222222223,-2.557888888888889,0.8077777777777777,0 days 00:12:21,0 days 00:12:21,937.59,0.0,120,93,0.0
0 days 00:12:22,-1.3903636363636365,-0.8253636363636364,0.23563636363636364,0 days 00:12:22,0 days 00:12:22,937.59,0.0,121,93,0.0
0 days 00:12:22.100000,-0.6625555555555556,-1.7483333333333333,0.4553333333333333,0 days 00:12:22,0 days 00:12:22,937.59,0.0,121,93,0.0
0 days 00:12:22.200000,0.6346999999999999,-0.6700999999999999,0.2085,0 days 00:12:22,0 days 00:12:22,937.59,0.0,121,93,0.0
0 days 00:12:22.300000,0.8358000000000001,-0.906,0.15360000000000001,0 days 00:12:22,0 days 00:12:22,937.59,0.0,121,93,0.0
0 days 00:12:22.400000,2.0368,-0.9266,0.04830000000000001,0 days 00:12:22,0 days 00:12:22,937.59,0.0,121,93,0.0
0 days 00:12:22.500000,1.3172000000000001,-1.1522000000000001,0.7680999999999999,0 days 00:12:22,0 days 00:12:22,937.59,0.0,121,93,0.0
0 days 00:12:22.600000,0.8686,-2.3602,0.6836,0 days 00:12:22,0 days 00:12:22,937.59,0.0,121,93,0.0
0 days 00:12:22.700000,-1.4463,-0.9608000000000001,0.3825,0 days 00:12:22,0 days 00:12:22,937.59,0.0,121,93,0.0
0 days 00:12:22.800000,-0.717,-1.4916,0.5075999999999999,0 days 00:12:22,0 days 00:12:22,937.59,0.0,121,93,0.0
0 days 00:12:22.900000,0.7144,-0.5581,0.19770000000000001,0 days 00:12:22,0 days 00:12:22,937.59,0.0,121,93,0.0
0 days 00:12:23,0.673,-0.6836,0.1514,0 days 00:12:23,0 days 00:12:23,938.46,0.868,122,89,0.5
0 days 00:12:23.100000,1.8857,-1.1366,0.19180000000000003,0 days 00:12:23,0 days 00:12:23,938.46,0.868,122,89,0.5
0 days 00:12:23.200000,1.3597000000000001,-1.0507,0.3347,0 days 00:12:23,0 days 00:12:23,938.46,0.868,122,89,0.5
0 days 00:12:23.300000,1.1765,-1.9418,0.6676,0 days 00:12:23,0 days 00:12:23,938.46,0.868,122,89,0.5
0 days 00:12:23.400000,-1.2181,-1.2738999999999998,0.29690000000000005,0 days 00:12:23,0 days 00:12:23,938.46,0.868,122,89,0.5
0 days 00:12:23.500000,-0.7531,-1.482,0.514,0 days 00:12:23,0 days 00:12:23,938.46,0.868,122,89,0.5
0 days 00:12:23.600000,0.3679,-0.7986000000000001,0.25129999999999997,0 days 00:12:23,0 days 00:12:23,938.46,0.868,122,89,0.5
0 days 00:12:23.700000,0.626,-0.5237999999999999,0.0639,0 days 00:12:23,0 days 00:12:23,938.46,0.868,122,89,0.5
0 days 00:12:23.800000,1.8567,-1.1678000000000002,0.08209999999999999,0 days 00:12:23,0 days 00:12:23,938.46,0.868,122,89,0.5
0 days 00:12:23.900000,1.8757000000000001,-0.95,0.5726,0 days 00:12:23,0 days 00:12:23,938.46,0.868,122,89,0.5
0 days 00:12:24,1.0198,-2.2698,0.48599999999999993,0 days 00:12:24,0 days 00:12:24,939.33,0.868,123,88,0.0
0 days 00:12:24.100000,-1.2,-1.2185000000000001,0.3644,0 days 00:12:24,0 days 00:12:24,939.33,0.868,123,88,0.0
0 days 00:12:24.200000,-0.7494,-1.3558999999999999,0.5395,0 days 00:12:24,0 days 00:12:24,939.33,0.868,123,88,0.0
0 days 00:12:24.300000,0.35919999999999996,-0.8564,0.2631,0 days 00:12:24,0 days 00:12:24,939.33,0.868,123,88,0.0
0 days 00:12:24.400000,0.7741,-0.5660000000000001,0.0155,0 days 00:12:24,0 days 00:12:24,939.33,0.868,123,88,0.0
0 days 00:12:24.500000,1.6911,-1.2059,0.17229999999999998,0 days 00:12:24,0 days 00:12:24,939.33,0.868,123,88,0.0
0 days 00:12:24.600000,1.3443,-1.3078999999999998,0.20570000000000005,0 days 00:12:24,0 days 00:12:24,939.33,0.868,123,88,0.0
0 days 00:12:24.700000,1.401888888888889,-1.6014444444444444,0.718111111111111,0 days 00:12:24,0 days 00:12:24,939.33,0.868,123,88,0.0
0 days 00:12:24.800000,-0.8821818181818183,-1.8324545454545456,0.4272727272727273,0 days 00:12:24,0 days 00:12:24,939.33,0.868,123,88,0.0
0 days 00:12:24.900000,-0.6837777777777778,-1.1326666666666665,0.5365555555555557,0 days 00:12:24,0 days 00:12:24,939.33,0.868,123,88,0.0
0 days 00:12:25,-0.052909090909090926,-0.9967272727272728,0.28554545454545455,0 days 00:12:25,0 days 00:12:25,940.76,1.428,123,88,0.0
0 days 00:12:25.100000,0.8875555555555557,-0.44133333333333336,0.05688888888888889,0 days 00:12:25,0 days 00:12:25,940.76,1.428,123,88,0.0
0 days 00:12:25.200000,1.2866,-1.2574999999999998,0.15130000000000002,0 days 00:12:25,0 days 00:12:25,940.76,1.428,123,88,0.0
0 days 00:12:25.300000,1.5514999999999999,-1.0051999999999999,0.45200000000000007,0 days 00:12:25,0 days 00:12:25,940.76,1.428,123,88,0.0
0 days 00:12:25.400000,1.5041,-1.687,0.11629999999999999,0 days 00:12:25,0 days 00:12:25,940.76,1.428,123,88,0.0
0 days 00:12:25.500000,-0.5663,-2.0277000000000003,0.3148,0 days 00:12:25,0 days 00:12:25,940.76,1.428,123,88,0.0
0 days 00:12:25.600000,-1.0206,-0.8404,0.5437000000000001,0 days 00:12:25,0 days 00:12:25,940.76,1.428,123,88,0.0
0 days 00:12:25.700000,-0.13530000000000003,-1.2772000000000001,0.20939999999999998,0 days 00:12:25,0 days 00:12:25,940.76,1.428,123,88,0.0
0 days 00:12:25.800000,0.721,-0.40170000000000006,-0.1656,0 days 00:12:25,0 days 00:12:25,940.76,1.428,123,88,0.0
0 days 00:12:25.900000,1.6074000000000002,-1.4655,0.19180000000000003,0 days 00:12:25,0 days 00:12:25,940.76,1.428,123,88,0.0
0 days 00:12:26,1.2953,-0.7464999999999999,0.5408999999999999,0 days 00:12:26,0 days 00:12:26,942.8,2.043,124,87,0.0
0 days 00:12:26.100000,1.4135,-2.1526,0.20529999999999998,0 days 00:12:26,0 days 00:12:26,942.8,2.043,124,87,0.0
0 days 00:12:26.200000,-0.7031000000000001,-2.1641,0.3536,0 days 00:12:26,0 days 00:12:26,942.8,2.043,124,87,0.0
0 days 00:12:26.300000,-0.8281000000000001,-0.7159,0.4662,0 days 00:12:26,0 days 00:12:26,942.8,2.043,124,87,0.0
0 days 00:12:26.400000,-0.2899,-1.4557,0.3538,0 days 00:12:26,0 days 00:12:26,942.8,2.043,124,87,0.0
0 days 00:12:26.500000,0.8025,-0.3987,0.0412,0 days 00:12:26,0 days 00:12:26,942.8,2.043,124,87,0.0
0 days 00:12:26.600000,1.2238,-1.4472999999999998,0.1969,0 days 00:12:26,0 days 00:12:26,942.8,2.043,124,87,0.0
0 days 00:12:26.700000,1.6126,-0.6194,0.3319,0 days 00:12:26,0 days 00:12:26,942.8,2.043,124,87,0.0
0 days 00:12:26.800000,1.7975999999999999,-2.035,0.0485,0 days 00:12:26,0 days 00:12:26,942.8,2.043,124,87,0.0
0 days 00:12:26.900000,-0.5031,-2.0306,0.2834,0 days 00:12:26,0 days 00:12:26,942.8,2.043,124,87,0.0
0 days 00:12:27,-0.7973,-0.6102000000000001,0.3578,0 days 00:12:27,0 days 00:12:27,945.6,2.799,124,86,0.0
0 days 00:12:27.100000,-0.4551,-1.3907,0.3439,0 days 00:12:27,0 days 00:12:27,945.6,2.799,124,86,0.0
0 days 00:12:27.200000,0.9868,-0.2884,0.0078,0 days 00:12:27,0 days 00:12:27,945.6,2.799,124,86,0.0
0 days 00:12:27.300000,1.1009,-1.2806,0.1815,0 days 00:12:27,0 days 00:12:27,945.6,2.799,124,86,0.0
0 days 00:12:27.400000,1.8772000000000002,-0.4316,0.14650000000000002,0 days 00:12:27,0 days 00:12:27,945.6,2.799,124,86,0.0
0 days 00:12:27.500000,1.9407,-0.9349999999999999,0.8149000000000001,0 days 00:12:27,0 days 00:12:27,945.6,2.799,124,86,0.0
0 days 00:12:27.600000,-0.20529999999999998,-2.6179,0.47619999999999996,0 days 00:12:27,0 days 00:12:27,945.6,2.799,124,86,0.0
0 days 00:12:27.700000,-1.1612222222222222,-0.49888888888888894,0.4845555555555555,0 days 00:12:27,0 days 00:12:27,945.6,2.799,124,86,0.0
0 days 00:12:27.800000,-0.5463636363636364,-1.506,0.4314545454545455,0 days 00:12:27,0 days 00:12:27,945.6,2.799,124,86,0.0
0 days 00:12:27.900000,1.0166666666666666,-0.2041111111111111,-0.020444444444444446,0 days 00:12:27,0 days 00:12:27,945.6,2.799,124,86,0.0
0 days 00:12:28,0.8341,-1.0333,0.18980000000000002,0 days 00:12:28,0 days 00:12:28,948.96,3.359,124,86,0.0
0 days 00:12:28.100000,2.0963000000000003,-0.5836,-0.18080000000000002,0 days 00:12:28,0 days 00:12:28,948.96,3.359,124,86,0.0
0 days 00:12:28.200000,1.7437,-0.4427999999999999,0.7029,0 days 00:12:28,0 days 00:12:28,948.96,3.359,124,86,0.0
0 days 00:12:28.300000,0.2978,-2.5589,0.46129999999999993,0 days 00:12:28,0 days 00:12:28,948.96,3.359,124,86,0.0
0 days 00:12:28.400000,-1.0704,-0.5952,0.4422,0 days 00:12:28,0 days 00:12:28,948.96,3.359,124,86,0.0
0 days 00:12:28.500000,-0.639,-1.6163,0.45990000000000003,0 days 00:12:28,0 days 00:12:28,948.96,3.359,124,86,0.0
0 days 00:12:28.600000,0.6692,-0.522,0.0158,0 days 00:12:28,0 days 00:12:28,948.96,3.359,124,86,0.0
0 days 00:12:28.700000,0.7851,-0.9611000000000001,0.12050000000000001,0 days 00:12:28,0 days 00:12:28,948.96,3.359,124,86,0.0
0 days 00:12:28.800000,2.0998,-0.6745,-0.056400000000000006,0 days 00:12:28,0 days 00:12:28,948.96,3.359,124,86,0.0
0 days 00:12:28.900000,1.6103999999999998,-0.13019999999999998,0.06229999999999999,0 days 00:12:28,0 days 00:12:28,948.96,3.359,124,86,0.0
0 days 00:12:29,0.4553,-2.641,0.5347999999999999,0 days 00:12:29,0 days 00:12:29,952.64,3.676,124,86,0.0
0 days 00:12:29.100000,-1.2278,-0.6377,0.364,0 days 00:12:29,0 days 00:12:29,952.64,3.676,124,86,0.0
0 days 00:12:29.200000,-0.768,-1.5478,0.46959999999999996,0 days 00:12:29,0 days 00:12:29,952.64,3.676,124,86,0.0
0 days 00:12:29.300000,0.8048,-0.3151,0.0583,0 days 00:12:29,0 days 00:12:29,952.64,3.676,124,86,0.0
0 days 00:12:29.400000,0.6791,-0.9272,0.2237,0 days 00:12:29,0 days 00:12:29,952.64,3.676,124,86,0.0
0 days 00:12:29.500000,2.1022000000000003,-0.6921999999999999,-0.0392,0 days 00:12:29,0 days 00:12:29,952.64,3.676,124,86,0.0
0 days 00:12:29.600000,2.3813,-1.6548000000000003,-0.17240000000000003,0 days 00:12:29,0 days 00:12:29,952.64,3.676,124,86,0.0
0 days 00:12:29.700000,0.6996,-2.4035,0.6825,0 days 00:12:29,0 days 00:12:29,952.64,3.676,124,86,0.0
0 days 00:12:29.800000,-1.1714,-0.8079000000000001,0.36819999999999997,0 days 00:12:29,0 days 00:12:29,952.64,3.676,124,86,0.0
0 days 00:12:29.900000,-0.7374,-1.3467,0.41929999999999995,0 days 00:12:29,0 days 00:12:29,952.64,3.676,124,86,0.0
0 days 00:12:30,0.5728,-0.6877,0.0359,0 days 00:12:30,0 days 00:12:30,956.33,3.695,124,85,0.5
0 days 00:12:30.100000,0.6265,-0.8644999999999999,0.07569999999999999,0 days 00:12:30,0 days 00:12:30,956.33,3.695,124,85,0.5
0 days 00:12:30.200000,1.9173000000000002,-0.841,0.04969999999999999,0 days 00:12:30,0 days 00:12:30,956.33,3.695,124,85,0.5
0 days 00:12:30.300000,2.2799,-1.5481,-0.24739999999999998,0 days 00:12:30,0 days 00:12:30,956.33,3.695,124,85,0.5
0 days 00:12:30.400000,0.7112999999999999,-2.5129,0.6975,0 days 00:12:30,0 days 00:12:30,956.33,3.695,124,85,0.5
0 days 00:12:30.500000,-1.2225,-0.8808,0.42729999999999996,0 days 00:12:30,0 days 00:12:30,956.33,3.695,124,85,0.5
0 days 00:12:30.600000,-0.7509,-1.348,0.46319999999999995,0 days 00:12:30,0 days 00:12:30,956.33,3.695,124,85,0.5
0 days 00:12:30.700000,0.6194444444444445,-0.7745555555555556,0.17222222222222222,0 days 00:12:30,0 days 00:12:30,956.33,3.695,124,85,0.5
0 days 00:12:30.800000,0.5612727272727273,-0.6740909090909091,0.05127272727272727,0 days 00:12:30,0 days 00:12:30,956.33,3.695,124,85,0.5
0 days 00:12:30.900000,1.7982222222222224,-1.0596666666666668,0.3151111111111111,0 days 00:12:30,0 days 00:12:30,956.33,3.695,124,85,0.5
0 days 00:12:31,2.3615000000000004,-1.9599,-0.4756,0 days 00:12:31,0 days 00:12:31,960.02,3.695,126,84,0.5
0 days 00:12:31.100000,0.7124,-2.1728,0.7491000000000001,0 days 00:12:31,0 days 00:12:31,960.02,3.695,126,84,0.5
0 days 00:12:31.200000,-0.9344000000000001,-1.2252,0.34049999999999997,0 days 00:12:31,0 days 00:12:31,960.02,3.695,126,84,0.5
0 days 00:12:31.300000,-0.7867,-1.2098,0.3713,0 days 00:12:31,0 days 00:12:31,960.02,3.695,126,84,0.5
0 days 00:12:31.400000,0.2237,-0.9052,0.1046,0 days 00:12:31,0 days 00:12:31,960.02,3.695,126,84,0.5
0 days 00:12:31.500000,0.9107,-0.6839999999999999,0.074,0 days 00:12:31,0 days 00:12:31,960.02,3.695,126,84,0.5
0 days 00:12:31.600000,1.4750999999999999,-1.0486,0.1312,0 days 00:12:31,0 days 00:12:31,960.02,3.695,126,84,0.5
0 days 00:12:31.700000,1.5198,-1.8596999999999997,-0.09019999999999996,0 days 00:12:31,0 days 00:12:31,960.02,3.695,126,84,0.5
0 days 00:12:31.800000,1.038,-2.1412,0.8343999999999999,0 days 00:12:31,0 days 00:12:31,960.02,3.695,126,84,0.5
0 days 00:12:31.900000,-1.0316,-1.2791000000000001,0.3327,0 days 00:12:31,0 days 00:12:31,960.02,3.695,126,84,0.5
0 days 00:12:32,-0.9067000000000001,-1.1313,0.4532,0 days 00:12:32,0 days 00:12:32,963.73,3.695,127,84,0.5
0 days 00:12:32.100000,0.3537,-0.9133000000000001,0.1527,0 days 00:12:32,0 days 00:12:32,963.73,3.695,127,84,0.5
0 days 00:12:32.200000,0.6816,-0.5199,0.0267,0 days 00:12:32,0 days 00:12:32,963.73,3.695,127,84,0.5
0 days 00:12:32.300000,1.4429,-1.3888,0.26890000000000003,0 days 00:12:32,0 days 00:12:32,963.73,3.695,127,84,0.5
0 days 00:12:32.400000,1.0237,-1.4969,0.4424,0 days 00:12:32,0 days 00:12:32,963.73,3.695,127,84,0.5
0 days 00:12:32.500000,1.7733999999999999,-1.4805,0.5923999999999999,0 days 00:12:32,0 days 00:12:32,963.73,3.695,127,84,0.5
0 days 00:12:32.600000,-1.0127000000000002,-1.6526,0.4965,0 days 00:12:32,0 days 00:12:32,963.73,3.695,127,84,0.5
0 days 00:12:32.700000,-0.8211,-1.0377,0.4805,0 days 00:12:32,0 days 00:12:32,963.73,3.695,127,84,0.5
0 days 00:12:32.800000,0.08710000000000001,-1.1045,0.3306,0 days 00:12:32,0 days 00:12:32,963.73,3.695,127,84,0.5
0 days 00:12:32.900000,0.775,-0.3678,0.0444,0 days 00:12:32,0 days 00:12:32,963.73,3.695,127,84,0.5
0 days 00:12:33,1.3054999999999999,-1.4534,0.0571,0 days 00:12:33,0 days 00:12:33,967.41,3.676,127,84,0.5
0 days 00:12:33.100000,1.5594,-1.2459,0.9381999999999999,0 days 00:12:33,0 days 00:12:33,967.41,3.676,127,84,0.5
0 days 00:12:33.200000,1.7553999999999998,-1.2823,0.14340000000000003,0 days 00:12:33,0 days 00:12:33,967.41,3.676,127,84,0.5
0 days 00:12:33.300000,-0.7212999999999999,-1.8416000000000001,0.3778,0 days 00:12:33,0 days 00:12:33,967.41,3.676,127,84,0.5
0 days 00:12:33.400000,-0.8041,-1.1968,0.6525000000000001,0 days 00:12:33,0 days 00:12:33,967.41,3.676,127,84,0.5
0 days 00:12:33.500000,-0.1086,-1.0369,0.2661,0 days 00:12:33,0 days 00:12:33,967.41,3.676,127,84,0.5
0 days 00:12:33.600000,0.6555,-0.3781,0.055600000000000004,0 days 00:12:33,0 days 00:12:33,967.41,3.676,127,84,0.5
0 days 00:12:33.700000,1.592888888888889,-1.5635555555555556,0.17233333333333334,0 days 00:12:33,0 days 00:12:33,967.41,3.676,127,84,0.5
0 days 00:12:33.800000,1.315,-0.7752,1.0001000000000002,0 days 00:12:33,0 days 00:12:33,967.41,3.676,127,84,0.5
0 days 00:12:33.900000,1.8791,-1.4239000000000002,0.06779999999999999,0 days 00:12:33,0 days 00:12:33,967.41,3.676,127,84,0.5
0 days 00:12:34,-0.6862,-2.0052,0.4526,0 days 00:12:34,0 days 00:12:34,971.07,3.667,128,84,0.5
0 days 00:12:34.100000,-0.8800000000000001,-1.0745,0.5818,0 days 00:12:34,0 days 00:12:34,971.07,3.667,128,84,0.5
0 days 00:12:34.200000,-0.22749999999999998,-1.1492,0.38089999999999996,0 days 00:12:34,0 days 00:12:34,971.07,3.667,128,84,0.5
0 days 00:12:34.300000,0.7138,-0.42300000000000004,0.0881,0 days 00:12:34,0 days 00:12:34,971.07,3.667,128,84,0.5
0 days 00:12:34.400000,1.4305,-1.174,0.1444,0 days 00:12:34,0 days 00:12:34,971.07,3.667,128,84,0.5
0 days 00:12:34.500000,1.4508,-0.8295,0.6811,0 days 00:12:34,0 days 00:12:34,971.07,3.667,128,84,0.5
0 days 00:12:34.600000,1.7649000000000001,-1.4792999999999998,0.2873,0 days 00:12:34,0 days 00:12:34,971.07,3.667,128,84,0.5
0 days 00:12:34.700000,-0.23090000000000002,-2.2637,0.4223,0 days 00:12:34,0 days 00:12:34,971.07,3.667,128,84,0.5
0 days 00:12:34.800000,-0.8891,-0.9364000000000001,0.5768,0 days 00:12:34,0 days 00:12:34,971.07,3.667,128,84,0.5
0 days 00:12:34.900000,-0.4662,-1.4242,0.3899,0 days 00:12:34,0 days 00:12:34,971.07,3.667,128,84,0.5
0 days 00:12:35,0.7992,-0.4213,0.0758,0 days 00:12:35,0 days 00:12:35,974.73,3.667,128,84,0.5
0 days 00:12:35.100000,1.1931,-1.0523,0.1716,0 days 00:12:35,0 days 00:12:35,974.73,3.667,128,84,0.5
0 days 00:12:35.200000,1.8218,-0.813,0.2724,0 days 00:12:35,0 days 00:12:35,974.73,3.667,128,84,0.5
0 days 00:12:35.300000,1.0066000000000002,-1.7384,0.5202,0 days 00:12:35,0 days 00:12:35,974.73,3.667,128,84,0.5
0 days 00:12:35.400000,0.14919999999999994,-2.1822,0.45620000000000005,0 days 00:12:35,0 days 00:12:35,974.73,3.667,128,84,0.5
0 days 00:12:35.500000,-1.1708,-0.6877,0.4563,0 days 00:12:35,0 days 00:12:35,974.73,3.667,128,84,0.5
0 days 00:12:35.600000,-0.5769,-1.6567,0.4323,0 days 00:12:35,0 days 00:12:35,974.73,3.667,128,84,0.5
0 days 00:12:35.700000,0.8904,-0.46230000000000004,0.0514,0 days 00:12:35,0 days 00:12:35,974.73,3.667,128,84,0.5
0 days 00:12:35.800000,0.8205,-1.0527,0.19429999999999997,0 days 00:12:35,0 days 00:12:35,974.73,3.667,128,84,0.5
0 days 00:12:35.900000,2.1964,-0.7979,-0.1665,0 days 00:12:35,0 days 00:12:35,974.73,3.667,128,84,0.5
0 days 00:12:36,1.0493999999999999,-1.6834,0.6001,0 days 00:12:36,0 days 00:12:36,978.4,3.658,128,84,0.5
0 days 00:12:36.100000,0.3728,-2.2636,0.46690000000000004,0 days 00:12:36,0 days 00:12:36,978.4,3.658,128,84,0.5
0 days 00:12:36.200000,-1.1965,-0.5928,0.2973,0 days 00:12:36,0 days 00:12:36,978.4,3.658,128,84,0.5
0 days 00:12:36.300000,-0.6854,-1.5861,0.4194,0 days 00:12:36,0 days 00:12:36,978.4,3.658,128,84,0.5
0 days 00:12:36.400000,0.8373000000000002,-0.47220000000000006,0.2339,0 days 00:12:36,0 days 00:12:36,978.4,3.658,128,84,0.5
0 days 00:12:36.500000,0.7929,-0.9269999999999999,0.2911,0 days 00:12:36,0 days 00:12:36,978.4,3.658,128,84,0.5
0 days 00:12:36.600000,2.1856999999999998,-0.7538,0.003799999999999992,0 days 00:12:36,0 days 00:12:36,978.4,3.658,128,84,0.5
0 days 00:12:36.700000,2.014111111111111,-0.8865555555555555,0.699,0 days 00:12:36,0 days 00:12:36,978.4,3.658,128,84,0.5
0 days 00:12:36.800000,0.7701,-2.3527,0.7282,0 days 00:12:36,0 days 00:12:36,978.4,3.658,128,84,0.5
0 days 00:12:36.900000,-1.1094000000000002,-1.1503999999999999,0.2848,0 days 00:12:36,0 days 00:12:36,978.4,3.658,128,84,0.5
0 days 00:12:37,-0.8286,-1.2554,0.4957,0 days 00:12:37,0 days 00:12:37,982.02,3.62,131,84,0.5
0 days 00:12:37.100000,0.4427,-0.8737999999999999,0.2691,0 days 00:12:37,0 days 00:12:37,982.02,3.62,131,84,0.5
0 days 00:12:37.200000,0.7653000000000001,-0.6202,0.0758,0 days 00:12:37,0 days 00:12:37,982.02,3.62,131,84,0.5
0 days 00:12:37.300000,1.9694000000000003,-0.9336,0.2198,0 days 00:12:37,0 days 00:12:37,982.02,3.62,131,84,0.5
0 days 00:12:37.400000,1.7894999999999999,-0.6131,0.3853999999999999,0 days 00:12:37,0 days 00:12:37,982.02,3.62,131,84,0.5
0 days 00:12:37.500000,0.8508000000000001,-2.3782,0.6296,0 days 00:12:37,0 days 00:12:37,982.02,3.62,131,84,0.5
0 days 00:12:37.600000,-1.032,-1.421,0.49749999999999994,0 days 00:12:37,0 days 00:12:37,982.02,3.62,131,84,0.5
0 days 00:12:37.700000,-0.8074,-1.0791,0.3987,0 days 00:12:37,0 days 00:12:37,982.02,3.62,131,84,0.5
0 days 00:12:37.800000,0.3857,-0.969,0.21430000000000002,0 days 00:12:37,0 days 00:12:37,982.02,3.62,131,84,0.5
0 days 00:12:37.900000,0.8137000000000001,-0.5888,0.0505,0 days 00:12:37,0 days 00:12:37,982.02,3.62,131,84,0.5
0 days 00:12:38,1.8689,-0.9354000000000001,0.248,0 days 00:12:38,0 days 00:12:38,985.59,3.564,132,84,0.5
0 days 00:12:38.100000,1.7230999999999999,0.12069999999999999,-0.49399999999999994,0 days 00:12:38,0 days 00:12:38,985.59,3.564,132,84,0.5
0 days 00:12:38.200000,1.2353999999999998,-2.0650000000000004,0.6898000000000001,0 days 00:12:38,0 days 00:12:38,985.59,3.564,132,84,0.5
0 days 00:12:38.300000,-0.9423999999999999,-1.6835,0.4175,0 days 00:12:38,0 days 00:12:38,985.59,3.564,132,84,0.5
0 days 00:12:38.400000,-0.9517,-0.9475,0.4365,0 days 00:12:38,0 days 00:12:38,985.59,3.564,132,84,0.5
0 days 00:12:38.500000,0.1648,-1.06,0.2617,0 days 00:12:38,0 days 00:12:38,985.59,3.564,132,84,0.5
0 days 00:12:38.600000,0.7297,-0.7226999999999999,0.0127,0 days 00:12:38,0 days 00:12:38,985.59,3.564,132,84,0.5
0 days 00:12:38.700000,2.0021999999999998,-1.0699999999999998,0.1075,0 days 00:12:38,0 days 00:12:38,985.59,3.564,132,84,0.5
0 days 00:12:38.800000,1.8948,0.23010000000000003,-0.25859999999999994,0 days 00:12:38,0 days 00:12:38,985.59,3.564,132,84,0.5
0 days 00:12:38.900000,1.2784,-2.1052,0.6167,0 days 00:12:38,0 days 00:12:38,985.59,3.564,132,84,0.5
0 days 00:12:39,-0.9565999999999999,-1.7131,0.5022,0 days 00:12:39,0 days 00:12:39,989.11,3.527,134,84,0.5
0 days 00:12:39.100000,-0.8829,-1.013,0.3724,0 days 00:12:39,0 days 00:12:39,989.11,3.527,134,84,0.5
0 days 00:12:39.200000,0.015000000000000013,-1.2023,0.2367,0 days 00:12:39,0 days 00:12:39,989.11,3.527,134,84,0.5
0 days 00:12:39.300000,0.7328,-0.5248,0.0293,0 days 00:12:39,0 days 00:12:39,989.11,3.527,134,84,0.5
0 days 00:12:39.400000,1.4466999999999999,-1.2574999999999998,0.2407,0 days 00:12:39,0 days 00:12:39,989.11,3.527,134,84,0.5
0 days 00:12:39.500000,2.4085555555555556,-2.3233333333333333,-0.04544444444444445,0 days 00:12:39,0 days 00:12:39,989.11,3.527,134,84,0.5
0 days 00:12:39.600000,1.6629090909090911,-1.2132727272727273,0.32009090909090915,0 days 00:12:39,0 days 00:12:39,989.11,3.527,134,84,0.5
0 days 00:12:39.700000,-0.6833333333333333,-1.9543333333333333,0.28200000000000003,0 days 00:12:39,0 days 00:12:39,989.11,3.527,134,84,0.5
0 days 00:12:39.800000,-1.0946,-0.9251999999999999,0.5447,0 days 00:12:39,0 days 00:12:39,989.11,3.527,134,84,0.5
0 days 00:12:39.900000,-0.16549999999999998,-1.2808,0.2601,0 days 00:12:39,0 days 00:12:39,989.11,3.527,134,84,0.5
0 days 00:12:40,0.8003,-0.4584,0.0785,0 days 00:12:40,0 days 00:12:40,992.63,3.527,135,84,0.5
0 days 00:12:40.100000,1.3673,-1.1295,0.3674,0 days 00:12:40,0 days 00:12:40,992.63,3.527,135,84,0.5
0 days 00:12:40.200000,1.0333999999999999,-1.7833999999999999,0.2183,0 days 00:12:40,0 days 00:12:40,992.63,3.527,135,84,0.5
0 days 00:12:40.300000,2.286,-1.3047499999999999,0.04775000000000004,0 days 00:12:40,0 days 00:12:40,992.63,3.527,135,84,0.5
0 days 00:12:40.400000,-0.1606666666666667,-2.0220833333333332,0.5076666666666666,0 days 00:12:40,0 days 00:12:40,992.63,3.527,135,84,0.5
0 days 00:12:40.500000,-1.159125,-0.669375,0.5055000000000001,0 days 00:12:40,0 days 00:12:40,992.63,3.527,135,84,0.5
0 days 00:12:40.600000,-0.19233333333333336,-1.3463333333333332,0.24,0 days 00:12:40,0 days 00:12:40,992.63,3.527,135,84,0.5
0 days 00:12:40.700000,0.5735,-0.5756,-0.0229,0 days 00:12:40,0 days 00:12:40,992.63,3.527,135,84,0.5
0 days 00:12:40.800000,1.2718,-1.4261,0.2017,0 days 00:12:40,0 days 00:12:40,992.63,3.527,135,84,0.5
0 days 00:12:40.900000,2.101,-1.6836000000000002,0.07859999999999999,0 days 00:12:40,0 days 00:12:40,992.63,3.527,135,84,0.5
0 days 00:12:41,1.7254,-1.1342,0.3553,0 days 00:12:41,0 days 00:12:41,996.17,3.546,136,84,0.5
0 days 00:12:41.100000,-0.09857142857142855,-2.467428571428571,0.4104285714285714,0 days 00:12:41,0 days 00:12:41,996.17,3.546,136,84,0.5
0 days 00:12:41.200000,-1.1292,-0.6164,0.41869999999999996,0 days 00:12:41,0 days 00:12:41,996.17,3.546,136,84,0.5
0 days 00:12:41.300000,-0.6101818181818182,-1.632272727272727,0.4702727272727273,0 days 00:12:41,0 days 00:12:41,996.17,3.546,136,84,0.5
0 days 00:12:41.400000,0.8046363636363636,-0.5223636363636364,0.04727272727272727,0 days 00:12:41,0 days 00:12:41,996.17,3.546,136,84,0.5
0 days 00:12:41.500000,1.1355555555555554,-1.158777777777778,0.2768888888888889,0 days 00:12:41,0 days 00:12:41,996.17,3.546,136,84,0.5
0 days 00:12:41.600000,2.435111111111111,-0.7405555555555555,-0.1642222222222222,0 days 00:12:41,0 days 00:12:41,996.17,3.546,136,84,0.5
0 days 00:12:41.700000,0.1068,-2.0164999999999997,0.48600000000000004,0 days 00:12:41,0 days 00:12:41,996.17,3.546,136,84,0.5
0 days 00:12:41.800000,-0.012769230769230764,-1.9853846153846153,0.6194615384615385,0 days 00:12:41,0 days 00:12:41,996.17,3.546,136,84,0.5
0 days 00:12:41.900000,-1.218,-0.47828571428571426,0.3892857142857143,0 days 00:12:41,0 days 00:12:41,996.17,3.546,136,84,0.5
0 days 00:12:42,-0.7821999999999999,-1.6670000000000003,0.4657,0 days 00:12:42,0 days 00:12:42,999.74,3.564,137,84,0.5
0 days 00:12:42.100000,0.8686999999999999,-0.42169999999999996,-0.0232,0 days 00:12:42,0 days 00:12:42,999.74,3.564,137,84,0.5
0 days 00:12:42.200000,0.8166,-0.9168,0.006100000000000006,0 days 00:12:42,0 days 00:12:42,999.74,3.564,137,84,0.5
0 days 00:12:42.300000,2.1922727272727274,-0.9722727272727273,0.12781818181818183,0 days 00:12:42,0 days 00:12:42,999.74,3.564,137,84,0.5
0 days 00:12:42.400000,1.0625555555555557,-1.3241111111111112,0.6604444444444444,0 days 00:12:42,0 days 00:12:42,999.74,3.564,137,84,0.5
0 days 00:12:42.500000,0.7542,-2.3187,0.492,0 days 00:12:42,0 days 00:12:42,999.74,3.564,137,84,0.5
0 days 00:12:42.600000,-1.349,-0.9383000000000001,0.3268,0 days 00:12:42,0 days 00:12:42,999.74,3.564,137,84,0.5
0 days 00:12:42.700000,-0.5051,-1.7058,0.4593,0 days 00:12:42,0 days 00:12:42,999.74,3.564,137,84,0.5
0 days 00:12:42.800000,0.5721999999999999,-0.5608,0.1789,0 days 00:12:42,0 days 00:12:42,999.74,3.564,137,84,0.5
0 days 00:12:42.900000,0.7654,-0.7826000000000001,0.18359999999999999,0 days 00:12:42,0 days 00:12:42,999.74,3.564,137,84,0.5
0 days 00:12:43,2.0316,-1.0354,-0.015200000000000002,0 days 00:12:43,0 days 00:12:43,1003.3,3.564,138,84,0.5
0 days 00:12:43.100000,1.4571999999999998,-1.2004,0.5794999999999999,0 days 00:12:43,0 days 00:12:43,1003.3,3.564,138,84,0.5
0 days 00:12:43.200000,1.1121,-2.1719,0.704,0 days 00:12:43,0 days 00:12:43,1003.3,3.564,138,84,0.5
0 days 00:12:43.300000,-1.2956999999999999,-1.1761,0.3318,0 days 00:12:43,0 days 00:12:43,1003.3,3.564,138,84,0.5
0 days 00:12:43.400000,-0.8897999999999999,-1.1993,0.38029999999999997,0 days 00:12:43,0 days 00:12:43,1003.3,3.564,138,84,0.5
0 days 00:12:43.500000,0.487,-1.1726,0.3767,0 days 00:12:43,0 days 00:12:43,1003.3,3.564,138,84,0.5
0 days 00:12:43.600000,0.7158,-0.859,0.11679999999999999,0 days 00:12:43,0 days 00:12:43,1003.3,3.564,138,84,0.5
0 days 00:12:43.700000,2.1889,-1.0718,-0.1086,0 days 00:12:43,0 days 00:12:43,1003.3,3.564,138,84,0.5
0 days 00:12:43.800000,1.3821999999999999,-1.0367000000000002,0.43499999999999994,0 days 00:12:43,0 days 00:12:43,1003.3,3.564,138,84,0.5
0 days 00:12:43.900000,0.9842727272727273,-2.2134545454545456,0.8065454545454546,0 days 00:12:43,0 days 00:12:43,1003.3,3.564,138,84,0.5
0 days 00:12:44,-1.380888888888889,-1.1042222222222222,0.324,0 days 00:12:44,0 days 00:12:44,1006.86,3.555,138,84,0.5
0 days 00:12:44.100000,-0.6999000000000001,-1.4414,0.4046,0 days 00:12:44,0 days 00:12:44,1006.86,3.555,138,84,0.5
0 days 00:12:44.200000,0.28179999999999994,-0.8457000000000001,0.2981,0 days 00:12:44,0 days 00:12:44,1006.86,3.555,138,84,0.5
0 days 00:12:44.300000,0.6740999999999999,-0.5946999999999999,0.1823,0 days 00:12:44,0 days 00:12:44,1006.86,3.555,138,84,0.5
0 days 00:12:44.400000,1.9216000000000002,-1.1727,0.19219999999999998,0 days 00:12:44,0 days 00:12:44,1006.86,3.555,138,84,0.5
0 days 00:12:44.500000,1.5733000000000001,-1.0925,0.3414,0 days 00:12:44,0 days 00:12:44,1006.86,3.555,138,84,0.5
0 days 00:12:44.600000,1.0655,-2.3002,0.7773000000000001,0 days 00:12:44,0 days 00:12:44,1006.86,3.555,138,84,0.5
0 days 00:12:44.700000,-1.2719,-1.3001999999999998,0.3767,0 days 00:12:44,0 days 00:12:44,1006.86,3.555,138,84,0.5
0 days 00:12:44.800000,-0.7056,-1.5106,0.5717000000000001,0 days 00:12:44,0 days 00:12:44,1006.86,3.555,138,84,0.5
0 days 00:12:44.900000,0.24939999999999998,-1.0355,0.2639,0 days 00:12:44,0 days 00:12:44,1006.86,3.555,138,84,0.5
0 days 00:12:45,0.8246,-0.4492,0.0039,0 days 00:12:45,0 days 00:12:45,1010.41,3.555,138,84,0.5
0 days 00:12:45.100000,1.4939,-1.3824999999999998,0.2407,0 days 00:12:45,0 days 00:12:45,1010.41,3.555,138,84,0.5
0 days 00:12:45.200000,1.6551000000000002,-1.1417,0.1538,0 days 00:12:45,0 days 00:12:45,1010.41,3.555,138,84,0.5
0 days 00:12:45.300000,1.0895,-2.0629999999999997,0.758,0 days 00:12:45,0 days 00:12:45,1010.41,3.555,138,84,0.5
0 days 00:12:45.400000,-1.122,-1.5962,0.39690000000000003,0 days 00:12:45,0 days 00:12:45,1010.41,3.555,138,84,0.5
0 days 00:12:45.500000,-0.8422000000000001,-1.1354,0.3937,0 days 00:12:45,0 days 00:12:45,1010.41,3.555,138,84,0.5
0 days 00:12:45.600000,0.16679999999999998,-1.0796,0.1993,0 days 00:12:45,0 days 00:12:45,1010.41,3.555,138,84,0.5
0 days 00:12:45.700000,0.8006,-0.371,0.017099999999999997,0 days 00:12:45,0 days 00:12:45,1010.41,3.555,138,84,0.5
0 days 00:12:45.800000,1.6087,-1.3969,0.2428,0 days 00:12:45,0 days 00:12:45,1010.41,3.555,138,84,0.5
0 days 00:12:45.900000,1.4441,-1.4539,0.20579999999999998,0 days 00:12:45,0 days 00:12:45,1010.41,3.555,138,84,0.5
0 days 00:12:46,1.0802,-1.8730999999999998,0.5507,0 days 00:12:46,0 days 00:12:46,1013.97,3.546,139,84,0.5
0 days 00:12:46.100000,-0.9591,-1.8286000000000002,0.3068,0 days 00:12:46,0 days 00:12:46,1013.97,3.546,139,84,0.5
0 days 00:12:46.200000,-1.0257,-0.9445,0.36970000000000003,0 days 00:12:46,0 days 00:12:46,1013.97,3.546,139,84,0.5
0 days 00:12:46.300000,0.11539999999999999,-1.1232000000000002,0.1998,0 days 00:12:46,0 days 00:12:46,1013.97,3.546,139,84,0.5
0 days 00:12:46.400000,0.6900999999999999,-0.3599,0.028000000000000004,0 days 00:12:46,0 days 00:12:46,1013.97,3.546,139,84,0.5
0 days 00:12:46.500000,1.779,-1.2891,0.2447,0 days 00:12:46,0 days 00:12:46,1013.97,3.546,139,84,0.5
0 days 00:12:46.600000,1.4342000000000001,-1.3745999999999998,0.37439999999999996,0 days 00:12:46,0 days 00:12:46,1013.97,3.546,139,84,0.5
0 days 00:12:46.700000,1.3115999999999999,-1.7317,0.6201000000000001,0 days 00:12:46,0 days 00:12:46,1013.97,3.546,139,84,0.5
0 days 00:12:46.800000,-0.9218,-1.9463000000000001,0.26339999999999997,0 days 00:12:46,0 days 00:12:46,1013.97,3.546,139,84,0.5
0 days 00:12:46.900000,-0.9452,-0.9435,0.4678,0 days 00:12:46,0 days 00:12:46,1013.97,3.546,139,84,0.5
0 days 00:12:47,-0.018600000000000016,-1.1478,0.2721,0 days 00:12:47,0 days 00:12:47,1017.5,3.546,139,84,0.5
0 days 00:12:47.100000,0.7511,-0.3477,0.0346,0 days 00:12:47,0 days 00:12:47,1017.5,3.546,139,84,0.5
0 days 00:12:47.200000,1.3919,-1.5515,0.2661,0 days 00:12:47,0 days 00:12:47,1017.5,3.546,139,84,0.5
0 days 00:12:47.300000,1.6417000000000002,-1.2724,0.2602,0 days 00:12:47,0 days 00:12:47,1017.5,3.546,139,84,0.5
0 days 00:12:47.400000,1.9056000000000002,-1.2065,0.6274,0 days 00:12:47,0 days 00:12:47,1017.5,3.546,139,84,0.5
0 days 00:12:47.500000,-0.7605000000000001,-2.09,0.2935,0 days 00:12:47,0 days 00:12:47,1017.5,3.546,139,84,0.5
0 days 00:12:47.600000,-0.9139000000000002,-0.7982,0.4907,0 days 00:12:47,0 days 00:12:47,1017.5,3.546,139,84,0.5
0 days 00:12:47.700000,-0.3804,-1.3244,0.38170000000000004,0 days 00:12:47,0 days 00:12:47,1017.5,3.546,139,84,0.5
0 days 00:12:47.800000,1.0596,-0.45730000000000004,0.0841,0 days 00:12:47,0 days 00:12:47,1017.5,3.546,139,84,0.5
0 days 00:12:47.900000,1.3523999999999998,-1.3141,0.1498,0 days 00:12:47,0 days 00:12:47,1017.5,3.546,139,84,0.5
0 days 00:12:48,1.5085000000000002,-0.5549,0.39740000000000003,0 days 00:12:48,0 days 00:12:48,1021.04,3.527,139,84,0.5
0 days 00:12:48.100000,1.7452,-0.12559999999999996,-0.01819999999999996,0 days 00:12:48,0 days 00:12:48,1021.04,3.527,139,84,0.5
0 days 00:12:48.200000,-0.2907,-2.5017,0.425,0 days 00:12:48,0 days 00:12:48,1021.04,3.527,139,84,0.5
0 days 00:12:48.300000,-0.9978,-0.8244,0.5126999999999999,0 days 00:12:48,0 days 00:12:48,1021.04,3.527,139,84,0.5
0 days 00:12:48.400000,-0.4732,-1.3793000000000002,0.441,0 days 00:12:48,0 days 00:12:48,1021.04,3.527,139,84,0.5
0 days 00:12:48.500000,0.9252,-0.2873,0.0675,0 days 00:12:48,0 days 00:12:48,1021.04,3.527,139,84,0.5
0 days 00:12:48.600000,1.0543,-1.0708,0.1485,0 days 00:12:48,0 days 00:12:48,1021.04,3.527,139,84,0.5
0 days 00:12:48.700000,1.816,-0.5118,0.35729999999999995,0 days 00:12:48,0 days 00:12:48,1021.04,3.527,139,84,0.5
0 days 00:12:48.800000,2.1588000000000003,-1.367,-0.3713,0 days 00:12:48,0 days 00:12:48,1021.04,3.527,139,84,0.5
0 days 00:12:48.900000,0.0492,-2.3903,0.5195000000000001,0 days 00:12:48,0 days 00:12:48,1021.04,3.527,139,84,0.5
0 days 00:12:49,-1.0802,-0.6951,0.4577,0 days 00:12:49,0 days 00:12:49,1024.48,3.452,139,84,0.5
0 days 00:12:49.100000,-0.6072,-1.5409,0.4013,0 days 00:12:49,0 days 00:12:49,1024.48,3.452,139,84,0.5
0 days 00:12:49.200000,0.8371000000000001,-0.4086,0.0989,0 days 00:12:49,0 days 00:12:49,1024.48,3.452,139,84,0.5
0 days 00:12:49.300000,1.061,-1.0059,0.0739,0 days 00:12:49,0 days 00:12:49,1024.48,3.452,139,84,0.5
0 days 00:12:49.400000,1.9405999999999999,-0.6174,0.0403,0 days 00:12:49,0 days 00:12:49,1024.48,3.452,139,84,0.5
0 days 00:12:49.500000,1.5897999999999999,-2.4401,0.06290000000000004,0 days 00:12:49,0 days 00:12:49,1024.48,3.452,139,84,0.5
0 days 00:12:49.600000,0.458,-2.3929,0.6698,0 days 00:12:49,0 days 00:12:49,1024.48,3.452,139,84,0.5
0 days 00:12:49.700000,-1.3415000000000001,-0.5548,0.3765,0 days 00:12:49,0 days 00:12:49,1024.48,3.452,139,84,0.5
0 days 00:12:49.800000,-0.7314,-1.7091999999999998,0.3964,0 days 00:12:49,0 days 00:12:49,1024.48,3.452,139,84,0.5
0 days 00:12:49.900000,0.9589000000000001,-0.3004,0.0199,0 days 00:12:49,0 days 00:12:49,1024.48,3.452,139,84,0.5
0 days 00:12:50,0.8579000000000001,-0.9574,0.1005,0 days 00:12:50,0 days 00:12:50,1027.93,3.452,140,84,0.5
0 days 00:12:50.100000,2.1808,-0.8314,0.0936,0 days 00:12:50,0 days 00:12:50,1027.93,3.452,140,84,0.5
0 days 00:12:50.200000,1.5729000000000002,-2.2646,0.24410000000000007,0 days 00:12:50,0 days 00:12:50,1027.93,3.452,140,84,0.5
0 days 00:12:50.300000,0.23560000000000003,-2.4522,0.548,0 days 00:12:50,0 days 00:12:50,1027.93,3.452,140,84,0.5
0 days 00:12:50.400000,-1.2527,-0.629,0.5057,0 days 00:12:50,0 days 00:12:50,1027.93,3.452,140,84,0.5
0 days 00:12:50.500000,-0.5902000000000001,-1.6898,0.403,0 days 00:12:50,0 days 00:12:50,1027.93,3.452,140,84,0.5
0 days 00:12:50.600000,0.7953,-0.3852,0.014900000000000002,0 days 00:12:50,0 days 00:12:50,1027.93,3.452,140,84,0.5
0 days 00:12:50.700000,0.9995,-1.2085,0.2117,0 days 00:12:50,0 days 00:12:50,1027.93,3.452,140,84,0.5
0 days 00:12:50.800000,2.0831,-0.6662,0.06040000000000001,0 days 00:12:50,0 days 00:12:50,1027.93,3.452,140,84,0.5
0 days 00:12:50.900000,1.6863,-1.9071000000000002,0.38239999999999996,0 days 00:12:50,0 days 00:12:50,1027.93,3.452,140,84,0.5
0 days 00:12:51,0.02250000000000001,-2.3937,0.5337,0 days 00:12:51,0 days 00:12:51,1031.32,3.378,140,84,0.5
0 days 00:12:51.100000,-1.1737,-0.6255,0.4223,0 days 00:12:51,0 days 00:12:51,1031.32,3.378,140,84,0.5
0 days 00:12:51.200000,-0.8379,-1.4797,0.4272,0 days 00:12:51,0 days 00:12:51,1031.32,3.378,140,84,0.5
0 days 00:12:51.300000,1.0016666666666667,-0.38166666666666665,0.07766666666666668,0 days 00:12:51,0 days 00:12:51,1031.32,3.378,140,84,0.5
0 days 00:12:51.400000,0.6373,-1.027,0.19260000000000002,0 days 00:12:51,0 days 00:12:51,1031.32,3.378,140,84,0.5
0 days 00:12:51.500000,2.3889,-0.6043999999999999,0.087,0 days 00:12:51,0 days 00:12:51,1031.32,3.378,140,84,0.5
0 days 00:12:51.600000,1.0457,-2.3067,0.045399999999999996,0 days 00:12:51,0 days 00:12:51,1031.32,3.378,140,84,0.5
0 days 00:12:51.700000,0.6507000000000001,-2.3166,0.7232000000000001,0 days 00:12:51,0 days 00:12:51,1031.32,3.378,140,84,0.5
0 days 00:12:51.800000,-1.3118,-0.7891,0.325,0 days 00:12:51,0 days 00:12:51,1031.32,3.378,140,84,0.5
0 days 00:12:51.900000,-0.7428,-1.7317,0.44719999999999993,0 days 00:12:51,0 days 00:12:51,1031.32,3.378,140,84,0.5
0 days 00:12:52,0.8168,-0.48739999999999994,0.0618,0 days 00:12:52,0 days 00:12:52,1034.73,3.406,140,84,0.5
0 days 00:12:52.100000,0.6383,-0.7788999999999999,0.156,0 days 00:12:52,0 days 00:12:52,1034.73,3.406,140,84,0.5
0 days 00:12:52.200000,2.1843,-1.0524,0.2085,0 days 00:12:52,0 days 00:12:52,1034.73,3.406,140,84,0.5
0 days 00:12:52.300000,0.9690999999999999,-1.3657,0.7467,0 days 00:12:52,0 days 00:12:52,1034.73,3.406,140,84,0.5
0 days 00:12:52.400000,0.6940999999999999,-2.355,0.7106,0 days 00:12:52,0 days 00:12:52,1034.73,3.406,140,84,0.5
0 days 00:12:52.500000,-1.524,-0.9198000000000001,0.3826,0 days 00:12:52,0 days 00:12:52,1034.73,3.406,140,84,0.5
0 days 00:12:52.600000,-0.6434,-1.6633,0.45949999999999996,0 days 00:12:52,0 days 00:12:52,1034.73,3.406,140,84,0.5
0 days 00:12:52.700000,0.8240999999999999,-0.46959999999999996,0.1525,0 days 00:12:52,0 days 00:12:52,1034.73,3.406,140,84,0.5
0 days 00:12:52.800000,0.5133,-0.4795,0.0696,0 days 00:12:52,0 days 00:12:52,1034.73,3.406,140,84,0.5
0 days 00:12:52.900000,2.2077999999999998,-1.0785,0.2656,0 days 00:12:52,0 days 00:12:52,1034.73,3.406,140,84,0.5
0 days 00:12:53,1.5652,-1.0992000000000002,0.5538000000000001,0 days 00:12:53,0 days 00:12:53,1038.12,3.406,140,84,0.5
0 days 00:12:53.100000,1.1685,-2.0785,0.6594,0 days 00:12:53,0 days 00:12:53,1038.12,3.406,140,84,0.5
0 days 00:12:53.200000,-1.1141999999999999,-1.4627000000000001,0.40170000000000006,0 days 00:12:53,0 days 00:12:53,1038.12,3.406,140,84,0.5
0 days 00:12:53.300000,-0.7197,-1.4617,0.4382,0 days 00:12:53,0 days 00:12:53,1038.12,3.406,140,84,0.5
0 days 00:12:53.400000,0.32859999999999995,-0.8065,0.1676,0 days 00:12:53,0 days 00:12:53,1038.12,3.406,140,84,0.5
0 days 00:12:53.500000,0.7381,-0.5032,-0.020700000000000003,0 days 00:12:53,0 days 00:12:53,1038.12,3.406,140,84,0.5
0 days 00:12:53.600000,1.9733,-1.1653,0.25630000000000003,0 days 00:12:53,0 days 00:12:53,1038.12,3.406,140,84,0.5
0 days 00:12:53.700000,1.478,-1.1191,0.3014,0 days 00:12:53,0 days 00:12:53,1038.12,3.406,140,84,0.5
0 days 00:12:53.800000,1.2371,-1.9662,0.806,0 days 00:12:53,0 days 00:12:53,1038.12,3.406,140,84,0.5
0 days 00:12:53.900000,-1.1581,-1.5113999999999999,0.3416,0 days 00:12:53,0 days 00:12:53,1038.12,3.406,140,84,0.5
0 days 00:12:54,-0.8871,-1.3777,0.5723,0 days 00:12:54,0 days 00:12:54,1041.58,3.452,141,83,0.5
0 days 00:12:54.100000,0.2136,-0.9773999999999999,0.23570000000000002,0 days 00:12:54,0 days 00:12:54,1041.58,3.452,141,83,0.5
0 days 00:12:54.200000,0.8663000000000001,-0.5125,0.0055000000000000005,0 days 00:12:54,0 days 00:12:54,1041.58,3.452,141,83,0.5
0 days 00:12:54.300000,1.7814444444444446,-1.3747777777777779,0.27788888888888885,0 days 00:12:54,0 days 00:12:54,1041.58,3.452,141,83,0.5
0 days 00:12:54.400000,1.173909090909091,-1.4031818181818183,0.1576363636363636,0 days 00:12:54,0 days 00:12:54,1041.58,3.452,141,83,0.5
0 days 00:12:54.500000,1.6105555555555557,-1.0473333333333334,0.6444444444444444,0 days 00:12:54,0 days 00:12:54,1041.58,3.452,141,83,0.5
0 days 00:12:54.600000,-0.7492,-2.0042999999999997,0.3645,0 days 00:12:54,0 days 00:12:54,1041.58,3.452,141,83,0.5
0 days 00:12:54.700000,-0.828,-1.0542,0.5023,0 days 00:12:54,0 days 00:12:54,1041.58,3.452,141,83,0.5
0 days 00:12:54.800000,-0.1436,-1.2383,0.2618,0 days 00:12:54,0 days 00:12:54,1041.58,3.452,141,83,0.5
0 days 00:12:54.900000,0.7173,-0.3568,-0.0415,0 days 00:12:54,0 days 00:12:54,1041.58,3.452,141,83,0.5
0 days 00:12:55,1.4787,-1.5049,0.22069999999999998,0 days 00:12:55,0 days 00:12:55,1045.03,3.452,141,83,0.5
0 days 00:12:55.100000,1.1103,-0.9410999999999999,0.40519999999999995,0 days 00:12:55,0 days 00:12:55,1045.03,3.452,141,83,0.5
0 days 00:12:55.200000,1.4516,-2.0803000000000003,0.2052,0 days 00:12:55,0 days 00:12:55,1045.03,3.452,141,83,0.5
0 days 00:12:55.300000,-0.6201000000000001,-2.1341,0.3941,0 days 00:12:55,0 days 00:12:55,1045.03,3.452,141,83,0.5
0 days 00:12:55.400000,-0.9502,-1.0017,0.4507,0 days 00:12:55,0 days 00:12:55,1045.03,3.452,141,83,0.5
0 days 00:12:55.500000,-0.3153,-1.3027,0.34340000000000004,0 days 00:12:55,0 days 00:12:55,1045.03,3.452,141,83,0.5
0 days 00:12:55.600000,0.9248000000000001,-0.3155,0.023799999999999998,0 days 00:12:55,0 days 00:12:55,1045.03,3.452,141,83,0.5
0 days 00:12:55.700000,1.4423,-1.0927,0.2166,0 days 00:12:55,0 days 00:12:55,1045.03,3.452,141,83,0.5
0 days 00:12:55.800000,1.2691,-0.6487999999999999,0.5458000000000001,0 days 00:12:55,0 days 00:12:55,1045.03,3.452,141,83,0.5
0 days 00:12:55.900000,1.456,-2.4341,0.4378,0 days 00:12:55,0 days 00:12:55,1045.03,3.452,141,83,0.5
0 days 00:12:56,-0.462,-2.099,0.3136,0 days 00:12:56,0 days 00:12:56,1048.48,3.452,142,84,0.5
0 days 00:12:56.100000,-1.088,-0.6828000000000001,0.4787,0 days 00:12:56,0 days 00:12:56,1048.48,3.452,142,84,0.5
0 days 00:12:56.200000,-0.3926,-1.4667,0.3524,0 days 00:12:56,0 days 00:12:56,1048.48,3.452,142,84,0.5
0 days 00:12:56.300000,0.8727,-0.46929999999999994,0.0789,0 days 00:12:56,0 days 00:12:56,1048.48,3.452,142,84,0.5
0 days 00:12:56.400000,1.4308,-1.3047,0.2413,0 days 00:12:56,0 days 00:12:56,1048.48,3.452,142,84,0.5
0 days 00:12:56.500000,1.5425,-0.5435000000000001,0.4436,0 days 00:12:56,0 days 00:12:56,1048.48,3.452,142,84,0.5
0 days 00:12:56.600000,1.6463,-2.0219,0.18660000000000002,0 days 00:12:56,0 days 00:12:56,1048.48,3.452,142,84,0.5
0 days 00:12:56.700000,-0.2522,-2.4309,0.4114,0 days 00:12:56,0 days 00:12:56,1048.48,3.452,142,84,0.5
0 days 00:12:56.800000,-1.1542999999999999,-0.6769000000000001,0.4042,0 days 00:12:56,0 days 00:12:56,1048.48,3.452,142,84,0.5
0 days 00:12:56.900000,-0.42539999999999994,-1.4795,0.30920000000000003,0 days 00:12:56,0 days 00:12:56,1048.48,3.452,142,84,0.5
0 days 00:12:57,0.8009999999999999,-0.4224,0.0563,0 days 00:12:57,0 days 00:12:57,1051.91,3.434,142,84,0.5
0 days 00:12:57.100000,1.164111111111111,-1.0544444444444445,0.315,0 days 00:12:57,0 days 00:12:57,1051.91,3.434,142,84,0.5
0 days 00:12:57.200000,2.0961818181818184,-0.6358181818181818,0.16781818181818184,0 days 00:12:57,0 days 00:12:57,1051.91,3.434,142,84,0.5
0 days 00:12:57.300000,1.8752222222222221,-0.8921111111111111,0.6709999999999999,0 days 00:12:57,0 days 00:12:57,1051.91,3.434,142,84,0.5
0 days 00:12:57.400000,0.3013,-2.5715,0.53,0 days 00:12:57,0 days 00:12:57,1051.91,3.434,142,84,0.5
0 days 00:12:57.500000,-1.3318999999999999,-0.6936,0.45010000000000006,0 days 00:12:57,0 days 00:12:57,1051.91,3.434,142,84,0.5
0 days 00:12:57.600000,-0.6334,-1.584,0.3606,0 days 00:12:57,0 days 00:12:57,1051.91,3.434,142,84,0.5
0 days 00:12:57.700000,0.9042999999999999,-0.396,0.034300000000000004,0 days 00:12:57,0 days 00:12:57,1051.91,3.434,142,84,0.5
0 days 00:12:57.800000,1.1271,-0.8057000000000001,0.1901,0 days 00:12:57,0 days 00:12:57,1051.91,3.434,142,84,0.5
0 days 00:12:57.900000,2.0351,-0.6453,-0.0382,0 days 00:12:57,0 days 00:12:57,1051.91,3.434,142,84,0.5
0 days 00:12:58,1.1835,-0.24850000000000003,0.7715,0 days 00:12:58,0 days 00:12:58,1055.36,3.434,143,84,0.5
0 days 00:12:58.100000,0.5485,-2.5808,0.536,0 days 00:12:58,0 days 00:12:58,1055.36,3.434,143,84,0.5
0 days 00:12:58.200000,-1.3769,-0.7804,0.503,0 days 00:12:58,0 days 00:12:58,1055.36,3.434,143,84,0.5
0 days 00:12:58.300000,-0.7074999999999999,-1.6702,0.40380000000000005,0 days 00:12:58,0 days 00:12:58,1055.36,3.434,143,84,0.5
0 days 00:12:58.400000,0.8754,-0.4138,0.0374,0 days 00:12:58,0 days 00:12:58,1055.36,3.434,143,84,0.5
0 days 00:12:58.500000,1.0433,-0.9356,0.1998,0 days 00:12:58,0 days 00:12:58,1055.36,3.434,143,84,0.5
0 days 00:12:58.600000,2.4067,-0.6515,-0.0809,0 days 00:12:58,0 days 00:12:58,1055.36,3.434,143,84,0.5
0 days 00:12:58.700000,0.9450999999999998,-0.04019999999999999,0.4319,0 days 00:12:58,0 days 00:12:58,1055.36,3.434,143,84,0.5
0 days 00:12:58.800000,0.629,-2.4566,0.4812,0 days 00:12:58,0 days 00:12:58,1055.36,3.434,143,84,0.5
0 days 00:12:58.900000,-1.291,-0.8968,0.4852,0 days 00:12:58,0 days 00:12:58,1055.36,3.434,143,84,0.5
0 days 00:12:59,-0.6404,-1.5569,0.4048,0 days 00:12:59,0 days 00:12:59,1058.81,3.462,144,84,0.5
0 days 00:12:59.100000,0.7724,-0.39049999999999996,0.049999999999999996,0 days 00:12:59,0 days 00:12:59,1058.81,3.462,144,84,0.5
0 days 00:12:59.200000,0.89,-1.0141,0.1374,0 days 00:12:59,0 days 00:12:59,1058.81,3.462,144,84,0.5
0 days 00:12:59.300000,2.2704999999999997,-0.6449999999999999,-0.17779999999999999,0 days 00:12:59,0 days 00:12:59,1058.81,3.462,144,84,0.5
0 days 00:12:59.400000,1.2253,-0.00739999999999994,0.5511000000000001,0 days 00:12:59,0 days 00:12:59,1058.81,3.462,144,84,0.5
0 days 00:12:59.500000,0.6317999999999999,-2.5151,0.5627,0 days 00:12:59,0 days 00:12:59,1058.81,3.462,144,84,0.5
0 days 00:12:59.600000,-1.3626,-0.8021,0.4407,0 days 00:12:59,0 days 00:12:59,1058.81,3.462,144,84,0.5
0 days 00:12:59.700000,-0.6578,-1.6504999999999999,0.4084,0 days 00:12:59,0 days 00:12:59,1058.81,3.462,144,84,0.5
0 days 00:12:59.800000,0.8285,-0.3745,0.10190000000000002,0 days 00:12:59,0 days 00:12:59,1058.81,3.462,144,84,0.5
0 days 00:12:59.900000,0.8411,-0.9641,0.1103,0 days 00:12:59,0 days 00:12:59,1058.81,3.462,144,84,0.5
0 days 00:13:00,2.2996,-0.5946,-0.11879999999999999,0 days 00:13:00,0 days 00:13:00,1062.31,3.49,144,84,0.5
0 days 00:13:00.100000,1.343888888888889,-0.020333333333333363,0.8406666666666667,0 days 00:13:00,0 days 00:13:00,1062.31,3.49,144,84,0.5
0 days 00:13:00.200000,0.6250909090909091,-2.4862727272727274,0.5494545454545454,0 days 00:13:00,0 days 00:13:00,1062.31,3.49,144,84,0.5
0 days 00:13:00.300000,-1.3688888888888888,-0.6126666666666667,0.3957777777777778,0 days 00:13:00,0 days 00:13:00,1062.31,3.49,144,84,0.5
0 days 00:13:00.400000,-0.7756000000000001,-1.5763,0.44560000000000005,0 days 00:13:00,0 days 00:13:00,1062.31,3.49,144,84,0.5
0 days 00:13:00.500000,0.6954,-0.5513999999999999,0.22679999999999997,0 days 00:13:00,0 days 00:13:00,1062.31,3.49,144,84,0.5
0 days 00:13:00.600000,0.8261,-0.8046,0.164,0 days 00:13:00,0 days 00:13:00,1062.31,3.49,144,84,0.5
0 days 00:13:00.700000,2.3022,-0.7393,0.018799999999999994,0 days 00:13:00,0 days 00:13:00,1062.31,3.49,144,84,0.5
0 days 00:13:00.800000,1.3034000000000001,-0.8913,0.42200000000000004,0 days 00:13:00,0 days 00:13:00,1062.31,3.49,144,84,0.5
0 days 00:13:00.900000,0.7152000000000001,-2.4850000000000003,0.6306,0 days 00:13:00,0 days 00:13:00,1062.31,3.49,144,84,0.5
0 days 00:13:01,-1.2693999999999999,-1.024,0.4319,0 days 00:13:01,0 days 00:13:01,1065.79,3.49,144,84,0.5
0 days 00:13:01.100000,-0.7259,-1.4219000000000002,0.36819999999999997,0 days 00:13:01,0 days 00:13:01,1065.79,3.49,144,84,0.5
0 days 00:13:01.200000,0.5161,-0.6407,0.08940000000000001,0 days 00:13:01,0 days 00:13:01,1065.79,3.49,144,84,0.5
0 days 00:13:01.300000,0.7304999999999999,-0.7891,0.0020000000000000018,0 days 00:13:01,0 days 00:13:01,1065.79,3.49,144,84,0.5
0 days 00:13:01.400000,2.1266,-0.8853,0.0349,0 days 00:13:01,0 days 00:13:01,1065.79,3.49,144,84,0.5
0 days 00:13:01.500000,1.8485,-0.8426,0.16669999999999996,0 days 00:13:01,0 days 00:13:01,1065.79,3.49,144,84,0.5
0 days 00:13:01.600000,0.8595,-2.1799,0.7438,0 days 00:13:01,0 days 00:13:01,1065.79,3.49,144,84,0.5
0 days 00:13:01.700000,-1.1617000000000002,-1.1945000000000001,0.26949999999999996,0 days 00:13:01,0 days 00:13:01,1065.79,3.49,144,84,0.5
0 days 00:13:01.800000,-0.8881,-1.3691,0.4768,0 days 00:13:01,0 days 00:13:01,1065.79,3.49,144,84,0.5
0 days 00:13:01.900000,0.32209999999999994,-0.7956000000000001,0.21669999999999998,0 days 00:13:01,0 days 00:13:01,1065.79,3.49,144,84,0.5
0 days 00:13:02,0.6958,-0.5672,0.0397,0 days 00:13:02,0 days 00:13:02,1069.27,3.471,144,84,0.5
0 days 00:13:02.100000,1.8542,-1.1887,0.21470000000000003,0 days 00:13:02,0 days 00:13:02,1069.27,3.471,144,84,0.5
0 days 00:13:02.200000,2.3542,-1.9014000000000002,-0.12269999999999999,0 days 00:13:02,0 days 00:13:02,1069.27,3.471,144,84,0.5
0 days 00:13:02.300000,0.9425000000000001,-2.1933,0.7514000000000001,0 days 00:13:02,0 days 00:13:02,1069.27,3.471,144,84,0.5
0 days 00:13:02.400000,-1.0233,-1.356,0.3134,0 days 00:13:02,0 days 00:13:02,1069.27,3.471,144,84,0.5
0 days 00:13:02.500000,-1.0654,-1.2139,0.4894,0 days 00:13:02,0 days 00:13:02,1069.27,3.471,144,84,0.5
0 days 00:13:02.600000,0.2883,-0.9426,0.2833,0 days 00:13:02,0 days 00:13:02,1069.27,3.471,144,84,0.5
0 days 00:13:02.700000,0.7718,-0.5166999999999999,0.007299999999999998,0 days 00:13:02,0 days 00:13:02,1069.27,3.471,144,84,0.5
0 days 00:13:02.800000,1.6793,-1.4457,0.2279,0 days 00:13:02,0 days 00:13:02,1069.27,3.471,144,84,0.5
0 days 00:13:02.900000,0.9100999999999999,-1.5298,0.09160000000000001,0 days 00:13:02,0 days 00:13:02,1069.27,3.471,144,84,0.5
0 days 00:13:03,1.4925000000000002,-1.5564,0.7698,0 days 00:13:03,0 days 00:13:03,1072.73,3.471,145,84,0.5
0 days 00:13:03.100000,-1.0023,-1.7737000000000003,0.4191,0 days 00:13:03,0 days 00:13:03,1072.73,3.471,145,84,0.5
0 days 00:13:03.200000,-0.8757999999999999,-1.217,0.4746,0 days 00:13:03,0 days 00:13:03,1072.73,3.471,145,84,0.5
0 days 00:13:03.300000,0.11288888888888889,-0.9301111111111111,0.16411111111111112,0 days 00:13:03,0 days 00:13:03,1072.73,3.471,145,84,0.5
0 days 00:13:03.400000,0.6707,-0.3902,0.004799999999999999,0 days 00:13:03,0 days 00:13:03,1072.73,3.471,145,84,0.5
0 days 00:13:03.500000,1.5115,-1.545,0.24889999999999998,0 days 00:13:03,0 days 00:13:03,1072.73,3.471,145,84,0.5
0 days 00:13:03.600000,0.6767999999999998,-1.6454,0.7338,0 days 00:13:03,0 days 00:13:03,1072.73,3.471,145,84,0.5
0 days 00:13:03.700000,1.8256000000000001,-0.9616999999999999,0.2697,0 days 00:13:03,0 days 00:13:03,1072.73,3.471,145,84,0.5
0 days 00:13:03.800000,-0.6063000000000001,-2.0514,0.44210000000000005,0 days 00:13:03,0 days 00:13:03,1072.73,3.471,145,84,0.5
0 days 00:13:03.900000,-0.9465999999999999,-1.2088,0.5650000000000001,0 days 00:13:03,0 days 00:13:03,1072.73,3.471,145,84,0.5
0 days 00:13:04,-0.1558,-1.0459,0.4649,0 days 00:13:04,0 days 00:13:04,1076.21,3.48,145,84,0.5
0 days 00:13:04.100000,0.8673,-0.3569,0.11300000000000002,0 days 00:13:04,0 days 00:13:04,1076.21,3.48,145,84,0.5
0 days 00:13:04.200000,1.4884,-1.3309000000000002,0.0804,0 days 00:13:04,0 days 00:13:04,1076.21,3.48,145,84,0.5
0 days 00:13:04.300000,0.771,-1.0582,0.9725999999999999,0 days 00:13:04,0 days 00:13:04,1076.21,3.48,145,84,0.5
0 days 00:13:04.400000,2.0059,-1.3399999999999999,0.06120000000000001,0 days 00:13:04,0 days 00:13:04,1076.21,3.48,145,84,0.5
0 days 00:13:04.500000,-0.2391,-2.1353,0.44350000000000006,0 days 00:13:04,0 days 00:13:04,1076.21,3.48,145,84,0.5
0 days 00:13:04.600000,-0.9812999999999998,-1.0039,0.48040000000000005,0 days 00:13:04,0 days 00:13:04,1076.21,3.48,145,84,0.5
0 days 00:13:04.700000,-0.3407,-1.4207,0.46040000000000003,0 days 00:13:04,0 days 00:13:04,1076.21,3.48,145,84,0.5
0 days 00:13:04.800000,0.7405,-0.4878,0.1557,0 days 00:13:04,0 days 00:13:04,1076.21,3.48,145,84,0.5
0 days 00:13:04.900000,1.4852,-1.2113,0.1834,0 days 00:13:04,0 days 00:13:04,1076.21,3.48,145,84,0.5
